boat_speed,wind_speed,angle_of_attack,target_angle,boat_angle
9.57241,21.07713,87.99948,250.21580175445754,115.6602
9.55964,20.86005,87.99948,250.09830935058847,116.28877
9.55918,20.85209,87.99948,249.6138497526823,116.23885
9.548639999999999,20.67299,87.99948,249.7674133421558,117.05241000000001
9.54816,20.6648,87.99948,249.17472851475932,116.94048
9.538160000000001,20.49485,87.99948,249.3401161766753,117.74347
9.53812,20.49415,87.99948,255.73378981507432,117.6183
9.89085,20.319110000000002,95.00183,251.17236101426812,116.72712
9.89718,20.37978,95.00183,251.29727659941463,116.45797
9.90093,20.41571,95.00183,360.0,116.29885
9.90093,20.41571,95.00183,360.0,116.29885
9.90093,20.41571,95.00183,251.16238673379752,116.29885
9.88951,20.3063,95.00183,251.39683174006404,116.65344
9.89553,20.36403,95.00183,270.0,116.40043
9.89553,20.36403,95.00183,251.23824563302932,116.40043
9.88693,20.2816,95.00183,180.0,116.65678
9.88693,20.2816,95.00183,180.0,116.65678
9.88693,20.2816,95.00183,251.4588139957463,116.65678
9.8927,20.33688,95.00183,251.274282101712,116.41868999999998
9.88391,20.2526,95.00183,360.0,116.70768999999999
9.88391,20.2526,95.00183,360.0,116.70769
9.88391,20.2526,95.00183,251.4818581618037,116.70768999999999
9.88946,20.30584,95.00183,251.2724386055964,116.48383
9.88058,20.220670000000002,95.00183,90.0,116.80442
9.88058,20.22067,95.00183,90.0,116.80442
9.88058,20.220670000000002,95.00183,251.46789398316864,116.80442
9.88596,20.27232,95.00183,180.0,116.59399
9.88596,20.27232,95.00183,251.2346131208521,116.59398999999999
9.87708,20.1872,95.00183,360.0,116.94505
9.87708,20.1872,95.00183,360.0,116.94505
9.87708,20.1872,95.00183,251.41876456451718,116.94505
9.88235,20.2377,95.00183,360.0,116.74726000000001
9.88235,20.2377,95.00183,251.1624369503096,116.74726
9.87358,20.153589999999998,95.00183,360.0,117.12756999999999
9.87358,20.15359,95.00183,360.0,117.12757
9.87358,20.153589999999998,95.00183,251.33611551245025,117.12756999999999
9.87876,20.2033,95.00183,251.0577788577238,116.94182
9.87019,20.12114,95.00183,251.2216366187029,117.35011000000002
9.87534,20.17052,95.00183,250.92226277551026,117.17556
9.86707,20.09119,95.00183,251.07702766518761,117.61053999999999
9.87223,20.14065,95.00183,250.7577399610861,117.44643
9.864339999999999,20.06504,95.00183,250.90408073115418,117.90663
9.86955,20.11501,95.00183,250.5658061966729,117.75207
9.86214,20.04399,95.00183,250.7070178860109,118.23592
9.86745,20.09485,95.00183,250.3502064064645,118.09022
9.86069,20.030070000000002,95.00183,250.48305220280918,118.5938
9.86613,20.08221,95.00183,250.11120137906425,118.45628
9.85999,20.023329999999998,95.00183,250.237478168028,118.9811
9.86567,20.07777,95.00183,249.8227589539587,118.84949
9.85564,19.982120000000002,95.00183,249.9153427909811,119.4285
9.85658,19.99091,95.00183,249.51617642743173,119.33998
9.84731,19.90419,95.00183,249.61504032705693,119.89578
9.84842,19.91458,95.00183,249.23371249142448,119.79773
9.84036,19.83918,95.00183,249.33832669635456,120.32751999999999
9.84162,19.85101,95.00183,248.9745294952168,120.22044
9.834719999999999,19.78642,95.00183,249.08422953649153,120.72448999999999
9.83609,19.79931,95.00183,248.73757681757672,120.60906
9.83028,19.7449,95.00183,248.85180665866642,121.08792
9.83173,19.75852,95.00183,248.65269948814245,120.96485
9.81302,19.583470000000002,95.00183,248.759338113302,121.2486
9.81422,19.59475,95.00183,248.54010091366038,121.13293
9.79546,19.41928,95.00183,248.54010091366038,121.44045
9.63257,21.05676,88.99323000000004,250.86546635427632,114.61667
9.620510000000001,20.87378,88.99323000000004,251.00476824123194,115.41205
9.61948,20.85801,88.99323000000004,250.4428686319661,115.31102
9.60719,20.67145,88.99323000000004,250.59306923451703,116.07621
9.60665,20.66325,88.99323000000004,250.00322622873574,115.96227
9.595460000000001,20.49342,88.99323000000004,250.16527013737976,116.7631
9.59541,20.49276,88.99323000000004,255.7702874026757,116.63575
9.89066,20.32131,94.99323000000001,360.0,116.73092
9.89066,20.32131,94.99323,251.28754086621456,116.73092
9.897,20.38211,94.99323000000001,360.0,116.46088
9.897,20.38211,94.99323,251.15759433367043,116.46088
9.888739999999999,20.30292,94.99323000000001,360.0,116.68149
9.88874,20.30292,94.99323,251.392804058502,116.68149
9.89478,20.36084,94.99323000000001,186.65169974428352,116.42728000000001
9.89478,20.36084,94.99323,251.2358364829019,116.42728
9.88623,20.27882,94.99323000000001,360.0,116.68176000000001
9.88623,20.27882,94.99323,360.0,116.68176
9.88623,20.27882,94.99323000000001,251.45700092844157,116.68176000000001
9.89201,20.33431,94.99323,251.27395134928972,116.44253
9.88327,20.25045,94.99323000000001,360.0,116.72983
9.88327,20.25045,94.99323,360.0,116.72983
9.88327,20.25045,94.99323000000001,251.48209590643023,116.72983
9.88884,20.30389,94.99323,251.27402875505317,116.50496
9.88001,20.21919,94.99323000000001,180.0,116.82386000000001
9.88001,20.21919,94.99323,180.0,116.82386
9.88001,20.21919,94.99323000000001,251.46988854204827,116.82386000000001
9.88542,20.27103,94.99323,360.0,116.61257
9.88542,20.27103,94.99323000000001,251.23789649467682,116.61256999999999
9.87659,20.18641,94.99323,360.0,116.96207
9.87659,20.186410000000002,94.99323000000001,360.0,116.96207
9.87659,20.18641,94.99323,251.4223503265541,116.96207
9.88188,20.23711,94.99323000000001,353.2234881262234,116.7635
9.88188,20.23711,94.99323,251.16731980800904,116.7635
9.87316,20.15354,94.99323000000001,360.0,117.14233999999999
9.87316,20.15354,94.99323,360.0,117.14234
9.87316,20.15354,94.99323000000001,251.34124717385242,117.14233999999999
9.87837,20.20349,94.99323,251.06411112357586,116.95583
9.86987,20.12193,94.99323000000001,251.22816499814888,117.36263000000001
9.87504,20.17155,94.99323,250.92995349001225,117.18744
9.86684,20.09289,94.99323000000001,251.08486093568345,117.62093
9.87202,20.14261,94.99323,250.76675066420952,117.45626
9.86422,20.06775,94.99323000000001,250.9132062539541,117.91495
9.86946,20.11802,94.99323,250.57612900141282,117.75986
9.86214,20.047829999999998,94.99323000000001,250.71627323181545,118.24213
9.86748,20.09905,94.99323,250.35979006375047,118.09592
9.86079,20.03484,94.99323000000001,250.49182489221766,118.59881000000001
9.86623,20.087,94.99323,250.12045016301812,118.46175
9.86015,20.02875,94.99323000000001,250.2455168196959,118.98567
9.86578,20.0827,94.99323,249.83002014250104,118.85507
9.85552,19.98475,94.99323000000001,249.92199100409653,119.43483
9.85643,19.99323,94.99323,249.83118812170986,119.34644
9.84721,19.90692,94.99323000000001,249.83118812170986,119.90015
9.84829,19.91707,94.99323,249.83118812170986,119.80225
9.84027,19.84204,94.99323000000001,249.83118812170986,120.33006
9.9525,19.78828,97.99323,251.24939609974209,117.73406
9.95261,19.789260000000002,97.99323000000001,251.3557507260832,117.72507
9.95401,19.80179,97.99323,251.02122914336144,117.60495
9.94797,19.747729999999997,97.99323000000001,251.13238971982616,118.07695
9.94947,19.76114,97.99323,250.93922535811058,117.94905
9.92993,19.58606,97.99323000000001,251.04340011549183,118.2289
9.93119,19.59733,97.99323,250.83103026379345,118.10837
9.91164,19.42221,97.99323000000001,250.83103026379345,118.41214
9.49833,21.07363,86.80511,249.03529252566742,116.77526
9.48832,20.87481,86.80511,249.1830226724176,117.50035
9.48753,20.85923,86.80511,248.61967256111146,117.40345
9.47825,20.67492,86.80511,248.77815342688325,118.16821999999999
9.47784,20.66678,86.80511,248.18766375652456,118.05865
9.469389999999999,20.49895,86.80511,248.35879962556805,118.85938
9.46935,20.49821,86.80511,252.39986886131453,118.73589
9.75636,20.29028,92.36153,360.0,119.5143
9.75636,20.29028,92.36153,248.93196015943332,119.5143
9.748489999999999,20.34862,92.10252,360.0,119.5143
9.74849,20.34862,92.10252,248.979948171945,119.5143
9.75283,20.26776,92.33026,90.0,119.5143
9.75283,20.26776,92.33026,249.02650157780454,119.5143
9.745519999999999,20.32317,92.08691,90.0,119.5143
9.74552,20.32317,92.08691,249.0722359201621,119.5143
9.75122,20.239620000000002,92.3474,180.0,119.5143
9.75122,20.23962,92.3474,180.0,119.5143
9.75122,20.239620000000002,92.3474,249.19883522656846,119.5143
9.75151,20.20737,92.41075,249.11859255957543,119.5143
9.74917,20.22682,92.32863,360.0,119.5143
9.74917,20.22682,92.32863,360.0,119.5143
9.74917,20.22682,92.32863,249.20552200360595,119.5143
9.74469,20.26373,92.17323,249.2466769231211,119.5143
9.75314,20.17748,92.49764,90.0,119.5143
9.75314,20.17748,92.49764,90.0,119.5143
9.75314,20.17748,92.49764,249.2864669957832,119.5143
9.7476,20.22655,92.29736,360.0,119.5143
9.7476,20.22655,92.29736,249.3256305780874,119.5143
9.75734,20.14073,92.65032,90.0,119.5143
9.75734,20.140729999999998,92.65032,90.0,119.5143
9.75734,20.14073,92.65032,249.36341786146198,119.5143
9.75238,20.18879,92.46181999999999,180.0,119.5143
9.75238,20.18879,92.46182,249.40055190431,119.5143
9.76341,20.10439,92.84196999999999,353.28884043507446,119.5143
9.76341,20.10439,92.84197,353.28884043507446,119.5143
9.76341,20.10439,92.84196999999999,249.4364626977744,119.5143
9.75903,20.15188,92.66442,249.47155617654386,119.5143
9.77133,20.069860000000002,93.07035,249.50550588710632,119.5143
9.76754,20.11723,92.90291,249.5387449949432,119.5143
9.78112,20.03847,93.33331,249.5707435782058,119.5143
9.77792,20.086170000000006,93.17509,249.60215314009918,119.5143
9.792769999999999,20.01156,93.62844,249.63225355621586,119.5143
9.79017,20.06004,93.47859,249.66175886721027,119.5143
9.80626,19.990460000000002,93.95328,249.6913672573719,119.5143
9.80431,20.0401,93.81103,249.71665029474119,119.5143
9.821660000000001,19.97681,94.3042,249.74518208584817,119.5143
9.82039,20.02764,94.16984,249.7711181924561,119.5143
9.8391,19.97094,94.68115,249.79597749181875,119.5143
9.83842,20.02464,94.55064,249.8201046934496,119.5143
9.85795,19.97549,95.07798000000001,249.84309297361256,119.5143
9.85631,19.99926,94.97733,249.8652654229586,119.5143
9.86913,19.91175,95.53376999999999,249.88641125777286,119.5143
9.86626,19.92122,95.43539,249.90682802399704,119.5143
9.878910000000001,19.84473,95.96538000000001,249.92615853828042,119.5143
9.87582,19.85554,95.85738,249.9447725675013,119.5143
9.8885,19.7897,96.36121999999999,249.96223719493923,119.5143
9.8852,19.80158,96.24426,249.97906754566884,119.5143
9.8979,19.74584,96.72254000000001,249.99481842304897,119.5143
9.89437,19.7585,96.59739,250.01988901562527,119.5143
9.88428,19.585060000000002,96.82519,250.02441722294327,119.5143
9.88196,19.59187,96.74649,250.03731421654743,119.5143
9.874189999999999,19.41349,97.05103000000001,250.03731421654743,119.5143
9.529,20.87524,87.47775,255.84231029068988,116.9666
9.54157,20.86134,87.69873,255.84231029068988,116.6591
9.57554,20.67115,88.45721999999998,255.84231029068988,116.6591
9.57353,20.668860000000002,88.4255,255.84231029068988,116.6591
9.60431,20.49126,89.14896999999998,255.84231029068988,116.6591
9.602219999999999,20.49109,89.113,255.84231029068988,116.6591
9.63404,20.33773,89.8556,255.84231029068988,116.6591
9.78768,20.28911,92.99252,270.0,118.9054
9.78768,20.28911,92.99252,249.45755510245488,118.9054
9.78209,20.3315,92.80322,249.34077960517124,118.9054
9.78593,20.2511,93.02757,360.0,118.9054
9.78593,20.2511,93.02757,249.4549102339771,118.9054
9.78394,20.26673,92.95848,249.5466632008157,118.9054
9.77875,20.30699,92.78076999999999,249.4333701383728,118.9054
9.78394,20.22397,93.03789,249.54344054599412,118.9054
9.7821,20.23892,92.97292,186.6492413814027,118.9054
9.7821,20.23892,92.97292,186.6492413814027,118.9054
9.7821,20.23892,92.97292,249.69150428822854,118.9054
9.78386,20.19283,93.09446,249.6279028203384,118.9054
9.78218,20.20721,93.03344,180.0,118.9054
9.78218,20.20721,93.03344,180.0,118.9054
9.78218,20.20721,93.03344,249.77027750889656,118.9054
9.78568,20.15914,93.19512,249.7083560721809,118.9054
9.78416,20.17309,93.13774000000001,360.0,118.9054
9.78416,20.17309,93.13774,360.0,118.9054
9.78416,20.17309,93.13774000000001,249.7895729928209,118.9054
9.78022,20.20914,92.99007,249.68668402001168,118.9054
9.78939,20.1244,93.33757,249.78491716384383,118.9054
9.78804,20.13806,93.28355,180.0,118.9054
9.788039999999999,20.13806,93.28355,180.0,118.9054
9.78804,20.13806,93.28355,249.86267745545916,118.9054
9.78452,20.173389999999998,93.14456,249.7633312788741,118.9054
9.795,20.09005,93.51955,249.85764502303797,118.9054
9.79381,20.10355,93.46866999999999,360.0,118.9054
9.79381,20.10355,93.46867,360.0,118.9054
9.79381,20.10355,93.46866999999999,249.9320569150209,118.9054
9.79072,20.13849,93.33773,249.9676436669784,118.9054
9.80148,20.07098,93.69077,249.99766517871703,118.9054
9.79883,20.10585,93.5673,250.03124552297737,118.9054
9.811060000000001,20.04168,93.9477,250.0595904351273,118.9054
9.80884,20.07682,93.83106,250.0913707351777,118.9054
9.822560000000001,20.017039999999998,94.23698,250.11789509467087,118.9054
9.82078,20.05276,94.12649,250.14779562960086,118.9054
9.83601,19.99834,94.55615,250.17397012941657,118.9054
9.83468,20.03495,94.45128,250.19966108420516,118.9054
9.851410000000001,19.98684,94.90273,250.22396031553023,118.9054
9.85056,20.02467,94.8028,250.25005120448085,118.9054
9.8666,19.98398,95.2736,250.271700058652,118.9054
9.86703,20.02319,95.17843,250.295995806768,118.9054
9.88287,19.99831,95.64505,250.31595595265674,118.9054
9.88142,20.00219,95.5978,250.3383323240222,118.9054
9.89308,19.91743,96.12453000000001,250.3566363030284,118.9054
9.89094,19.92395,96.05245,250.3772513844692,118.9054
9.90259,19.85057,96.55015,250.39469418162795,118.9054
9.899,19.86194,96.42772,250.412117504996,118.9054
9.91192,19.79561,96.94041999999999,250.42776712441602,118.9054
9.90947,19.80388,96.85498,250.44482019522425,118.9054
9.92107,19.751739999999998,97.29644,250.45828932493282,118.9054
9.91846,19.76057,97.20509,250.47266346443024,118.9054
9.90868,19.58474,97.4519,250.48510199132286,118.9054
9.90615,19.592,97.36647,250.49833478850948,118.9054
9.89717,19.41583,97.63795999999999,250.49833478850948,118.9054
9.69398,21.06664,89.97628,251.68558900146576,113.59781
9.67962,20.869529999999997,89.97628,251.83612085196185,114.31268
9.71761,20.67235,90.97628,252.07765189984002,113.96855
9.71757,20.671860000000002,90.97628,252.22467129504463,113.96127
9.71693,20.66377,90.97628,251.64848624692002,113.84193
9.70393,20.49946,90.97628,251.8077481710017,114.62608999999999
9.7039,20.49913,90.97628,256.36841041786005,114.49297
9.89986,20.4178,94.97628,186.51914324581142,116.28775
9.89986,20.4178,94.97628,251.37864587715458,116.28775
9.90514,20.503220000000002,94.90557,251.12931398961445,115.98413000000001
9.89245,20.38088,94.90557,90.0,116.39704
9.89245,20.380879999999998,94.90557,251.30502301071343,116.39703999999999
9.89416,20.39735,94.90557,251.5403886256006,116.32556
9.89857,20.43985,94.90557,251.20481675067,116.14142
9.88982,20.35552,94.90557,251.37336844294566,116.40943
9.89146,20.3713,94.90557,180.0,116.34213000000001
9.89146,20.3713,94.90557,180.0,116.34213
9.89146,20.3713,94.90557,251.6109222204284,116.34213000000001
9.88675,20.32584,94.90557,251.40194861431044,116.46972
9.88832,20.34102,94.90557,360.0,116.4065
9.88832,20.34102,94.90557,360.0,116.4065
9.88832,20.34102,94.90557,251.37155961564167,116.4065
9.83705,20.2931,93.97628,250.67948121554787,117.50609
9.83847,20.3076,93.97628,360.0,117.44766000000001
9.83847,20.3076,93.97628,360.0,117.44766
9.83847,20.3076,93.97628,250.93824661254533,117.44766000000001
9.88252,20.2513,94.97628,251.24955405738757,116.68759
9.88317,20.25753,94.97628,251.3979730237068,116.66333
9.88467,20.27192,94.97628,90.0,116.60743
9.88467,20.27192,94.97628,90.0,116.60743000000001
9.88467,20.27192,94.97628,251.5888977428727,116.60743
9.88855,20.3092,94.97628,251.17648567937385,116.46341000000001
9.87961,20.22336,94.97628,251.31861617083703,116.85581
9.88108,20.23753,94.97628,360.0,116.80331000000001
9.88108,20.23753,94.97628,360.0,116.80331
9.88108,20.23753,94.97628,251.499966650889,116.80331000000001
9.88491,20.27427,94.97628,251.24258795104905,116.66802
9.87764,20.20449,94.97628,251.3789706612928,117.03935
9.88144,20.241,94.97628,251.0985513548843,116.91228
9.87448,20.1741,94.97628,251.22755808568317,117.31362
9.87829,20.21069,94.97628,250.92549234706814,117.19418
9.87173,20.14771,94.97628,251.04759284605882,117.62373999999998
9.87558,20.18471,94.97628,250.724933886617,117.51128
9.869530000000001,20.12665,94.97628,250.84224500593456,117.96728999999999
9.87346,20.16436,94.97628,250.49809816379718,117.8613
9.868030000000001,20.11222,94.97628,250.60905464764198,118.34173999999999
9.87207,20.15099,94.97628,250.22541183102626,118.24154
9.86411,20.07455,94.97628,250.29852747923007,118.77941000000001
9.86464,20.07963,94.97628,249.90251748058785,118.72256000000002
9.85483,19.985879999999998,94.97628,249.98108621206538,119.27356999999999
9.85551,19.99225,94.97628,249.60438851920517,119.20926
9.8468,19.91066,94.97628,249.68792390903684,119.73155
9.8476,19.91814,94.97628,249.3304688404927,119.66021
9.840119999999999,19.84816,94.97628,249.4184804919997,120.15393999999999
9.84103,19.85671,94.97628,249.0798199911227,120.07616000000002
9.834760000000001,19.79799,94.97628,249.21959533444542,120.54186000000001
9.86942,19.75322,95.97628,249.61571772034767,119.94608
9.87004,19.75895,95.97628,249.7748517869829,119.89582
9.89116,19.59408,96.97628,250.28562292230083,119.10671
9.891689999999999,19.59891,96.97628,250.3730718033664,119.05876
9.89259,19.60708,96.97628,250.1751411664756,118.97307
9.87383,19.43659,96.97628,250.1751411664756,119.2501
9.51766,20.86821,87.29649,261.98782975907733,116.9748
9.51581,20.86392,87.26955,261.98782975907733,116.9748
9.54598,20.67129,87.95612,261.98782975907733,116.9748
9.543989999999999,20.66901,87.92456999999996,261.98782975907733,116.9748
9.57506,20.49866,88.63432,261.98782975907733,116.9748
9.572989999999999,20.4985,88.59857,261.98782975907733,116.9748
9.60508,20.35257,89.32630999999998,261.98782975907733,116.9748
9.87953,20.36169,94.68798000000001,261.98782975907733,116.8426
9.87953,20.36169,94.68798,261.98782975907733,116.8426
9.87222,20.42203,94.42155,261.98782975907733,116.8426
9.87222,20.42203,94.42155,261.98782975907733,116.8426
9.87562,20.34101,94.65212,261.98782975907733,116.8426
9.87562,20.34101,94.65212,261.98782975907733,116.8426
9.868789999999999,20.39884,94.39979,261.98782975907733,116.8426
9.86879,20.39884,94.39979,261.98782975907733,116.8426
9.87352,20.31544,94.66235,261.98782975907733,116.8426
9.87352,20.31544,94.66235,261.98782975907733,116.8426
9.87352,20.31544,94.66235,261.98782975907733,116.8426
9.86723,20.37084,94.42493,261.98782975907733,116.8426
9.873339999999999,20.28568,94.71998,261.98782975907733,116.8426
9.87334,20.28568,94.71998,261.98782975907733,116.8426
9.873339999999999,20.28568,94.71998,261.98782975907733,116.8426
9.86763,20.33909,94.49663,261.98782975907733,116.8426
9.875110000000001,20.25319,94.82291,261.98782975907733,116.8426
9.87511,20.25319,94.82291,261.98782975907733,116.8426
9.875110000000001,20.25319,94.82291,261.98782975907733,116.8426
9.86998,20.30509,94.61263,261.98782975907733,116.8426
9.86998,20.30509,94.61263000000001,261.98782975907733,116.8426
9.87884,20.21942,94.96899,261.98782975907733,116.8426
9.87884,20.21942,94.96899,261.98782975907733,116.8426
9.87884,20.21942,94.96899,261.98782975907733,116.8426
9.87429,20.27029,94.77091999999999,261.98782975907733,116.8426
9.87429,20.27029,94.77092,261.98782975907733,116.8426
9.88345,20.18584,95.15597,261.98782975907733,116.8426
9.88345,20.18584,95.15597,261.98782975907733,116.8426
9.88345,20.18584,95.15597,261.98782975907733,116.8426
9.88059,20.23611,94.96932,261.98782975907733,116.8426
9.8405,20.19189,94.24785,261.98782975907733,117.8426
9.83934,20.208070000000006,94.19156,261.98782975907733,117.8426
9.853010000000001,20.127879999999998,94.63488000000001,261.98782975907733,117.8426
9.85009,20.17724,94.47292,261.98782975907733,117.8426
9.86323,20.14244,94.81358,261.98782975907733,117.8426
9.78249,20.07524,93.29046,249.33769828092582,119.8426
9.78223,20.081329999999998,93.27320999999999,249.3701649264869,119.8426
9.78007,20.13133,93.1332,249.39819145779742,119.8426
9.79883,20.065179999999998,93.64761,249.4286189178796,119.8426
9.7973,20.11643,93.51536,249.45711539218,119.8426
9.81741,20.05669,94.0488,249.48454787660668,119.8426
9.81524,20.08282,93.95101,249.51121848606425,119.8426
9.83342,19.98582,94.5298,249.53667460479457,119.8426
9.83013,19.99418,94.44278,249.56143680215752,119.8426
9.847480000000001,19.90871,94.99498,249.585048059877,119.8426
9.8439,19.91866,94.89778,249.60794044655083,119.8426
9.85753,19.8444,95.42354,249.64056748246185,119.8426
9.8528,19.86166,95.25649,249.6525172707914,119.8426
9.86708,19.7933,95.80628,249.672301526929,119.8426
9.86386,19.80558,95.6907,249.45679604981297,119.8426
9.83505,19.76144,95.07847,248.9479672451824,120.8426
9.83399,19.765320000000006,95.04082,248.96615475266617,120.8426
9.82646,19.59013,95.32826999999999,248.98336117784527,120.8426
9.82313,19.60087,95.21327,248.99957475341114,120.8426
9.81635,19.42543,95.52405999999999,248.99957475341114,120.8426
9.58463,21.06328,88.21043,250.1891514500489,115.32042
9.573269999999999,20.874879999999997,88.21043,250.3331238693221,116.08046000000002
9.57233,20.85926,88.21043,250.560142520397,115.98059
9.539639999999999,20.66838,87.85149,249.6246009762874,116.9975
9.53887,20.66749,87.83926,249.68883959671533,116.9975
9.57527,20.50059,88.63571999999998,249.75087818673543,116.9975
9.56789,20.5001,88.50858000000002,255.0810496492737,116.9975
9.872160000000001,20.35493,94.55490999999999,90.0,116.9975
9.87216,20.35493,94.55491,250.81039978374446,116.9975
9.86479,20.41564,94.28738,270.0,116.9975
9.86479,20.41564,94.28738,250.85306031833824,116.9975
9.868219999999999,20.33483,94.51702,90.0,116.9975
9.86822,20.33483,94.51702,250.89451703375698,116.9975
9.86138,20.3926,94.26536,360.0,116.9975
9.86138,20.3926,94.26536,250.9354369109417,116.9975
9.86618,20.3089,94.52871999999999,360.0,116.9975
9.86618,20.3089,94.52872,360.0,116.9975
9.86618,20.3089,94.52871999999999,250.9750915361203,116.9975
9.85988,20.36421,94.2919,251.02476073852745,116.9975
9.861310000000001,20.32276,94.40321999999999,360.0,116.9975
9.86131,20.32276,94.40322,360.0,116.9975
9.861310000000001,20.32276,94.40321999999999,251.0539444738539,116.9975
9.86004,20.33444,94.35452,251.09132732607327,116.9975
9.8676,20.24798,94.68202,360.0,116.9975
9.8676,20.24798,94.68202,360.0,116.9975
9.8676,20.24798,94.68202,251.1275239249963,116.9975
9.86244,20.29971,94.47241,360.0,116.9975
9.86244,20.29971,94.47241,251.16327646157447,116.9975
9.87135,20.21339,94.82991,180.0,116.9975
9.87135,20.21339,94.82991,180.0,116.9975
9.87135,20.21339,94.82991,251.19782176580188,116.9975
9.86678,20.264039999999998,94.63245,360.0,116.9975
9.86678,20.26404,94.63245,251.2318907945919,116.9975
9.87692,20.17884,95.01866,360.0,116.9975
9.87692,20.17884,95.01866,360.0,116.9975
9.87692,20.17884,95.01866,251.26491577353733,116.9975
9.87308,20.22885,94.83255,251.2972493004869,116.9975
9.88293,20.14573,95.24615,251.32867128524282,116.9975
9.88086,20.19553,95.0706,251.35947062489484,116.9975
9.89055,20.11536,95.51037,251.33894873853387,116.9975
9.84679,20.08632,94.59411,250.49069081880089,118.2211
9.84665,20.08904,94.58565,250.52129190061424,118.2211
9.84423,20.13896,94.43214,250.55140914292062,118.2211
9.8607,20.0666,94.92307,250.5818011804353,118.2211
9.85891,20.11764,94.77743,250.60757381565014,118.2211
9.87447,20.0514,95.28815999999999,250.6252549503748,118.2211
9.84667,20.04261,94.68387,249.90403905352002,119.2211
9.84666,20.04338,94.682,249.9315430420948,119.2211
9.84492,20.07815,94.57282,249.9582868922838,119.2211
9.86149,19.98012,95.15503000000001,249.98398920661486,119.2211
9.85895,19.98921,95.06614,250.0088651885422,119.2211
9.87163,19.90292,95.62124,250.0220445296929,119.2211
9.84223,19.83835,95.05171,249.29428141115383,120.2211
9.842189999999999,19.83853,95.05019,249.31774653312482,120.2211
9.8388,19.85069,94.9428,249.3546291431681,120.2211
9.85005,19.79585,95.36609,249.36350846298114,120.2211
9.84868,19.80129,95.31652,249.38408325920363,120.2211
9.86164,19.74762,95.7936,249.40351257349357,120.2211
9.85827,19.7614,95.6698,249.421942586874,120.2211
9.850589999999999,19.587429999999998,95.95451,249.43943184211003,120.2211
9.84728,19.59892,95.83779,249.45598430676966,120.2211
9.84035,19.42461,96.14591999999999,249.45598430676966,120.2211
9.73605,20.87298,91.02422,252.51561653582462,113.36257
9.73599,20.872220000000002,91.02422,252.6493390704389,113.35753000000001
9.73473,20.85642,91.02422,252.09306883730326,113.25239
9.72002,20.67122,91.02422,252.1812819572429,114.0108
9.70603,20.49511,91.02422,251.62444646228244,114.68535
9.70602,20.49496,91.02422,256.33101976629047,114.62643
9.706,20.49465,91.02422,256.33101976629047,114.53815
9.89541,20.353289999999998,95.02422,180.0,116.54576000000002
9.89541,20.35329,95.02422,251.40422764538204,116.54576000000002
9.90175,20.4139,95.02422,251.1392109744,116.27771000000001
9.89335,20.33359,95.02422,360.0,116.50457
9.89335,20.33359,95.02422,251.466112001376,116.50457
9.89976,20.39488,95.02422,251.51706574182785,116.23677
9.902999999999999,20.42585,95.02422,360.0,116.10181000000001
9.903,20.42585,95.02422,251.35617295474327,116.10181
9.8911,20.31214,95.02422,360.0,116.49604
9.8911,20.31214,95.02422,360.0,116.49604
9.8911,20.31214,95.02422,251.57560849334166,116.49604
9.89689,20.36744,95.02422,251.38742035009682,116.25873
9.888,20.28249,95.02422,360.0,116.55248
9.888,20.28249,95.02422,360.0,116.55248
9.888,20.28249,95.02422,251.5939971764037,116.55248
9.89358,20.33579,95.02422,251.38100682721358,116.32934
9.8846,20.25001,95.02422,90.0,116.6546
9.8846,20.25001,95.02422,90.0,116.6546
9.8846,20.25001,95.02422,251.57557174127655,116.6546
9.89001,20.30173,95.02422,360.0,116.44485
9.89001,20.30173,95.02422,251.3388114611512,116.44485
9.88105,20.21609,95.02422,360.0,116.80052
9.88105,20.216089999999998,95.02422,360.0,116.80051999999999
9.88105,20.21609,95.02422,251.5220609602551,116.80052
9.88635,20.266679999999997,95.02422,270.0,116.60337
9.88635,20.26668,95.02422,251.2624123946859,116.60337
9.87749,20.18209,95.02422,360.0,116.98835
9.87749,20.18209,95.02422,360.0,116.98835
9.87749,20.18209,95.02422,251.43530442047526,116.98835
9.88271,20.23194,95.02422,251.1536567624109,116.80312
9.87407,20.14937,95.02422,251.31687010247825,117.21602
9.87925,20.1989,95.02422,251.01417344108364,117.04198999999998
9.87092,20.119239999999998,95.02422,251.16838649535785,117.48151000000001
9.87611,20.16886,95.02422,250.84581008516582,117.31794
9.86817,20.092979999999997,95.02422,250.9916198109928,117.78265
9.87342,20.14314,95.02422,250.65020638082862,117.62861
9.865960000000001,20.0719,95.02422,250.79094658712188,118.11698999999999
9.87131,20.12302,95.02422,250.43095564496585,117.9717
9.864519999999999,20.05808,95.02422,250.5633763789346,118.47981000000001
9.87,20.1105,95.02422,250.2166053716428,118.3427
9.8669,20.080820000000006,95.02422,250.3021604183297,118.77135
9.867,20.08179,95.02422,249.8886878838101,118.75934
9.8568,19.98466,95.02422,249.98053759841827,119.3369
9.85771,19.99315,95.02422,249.58472028050903,119.24899
9.84856,19.90765,95.02422,249.68280545147843,119.80067
9.84964,19.91771,95.02422,249.30461430114948,119.70333
9.8417,19.84346,95.02422,249.43079093958718,120.22927
9.87016,19.79038,95.89266,249.71012467253425,119.76456
9.87027,19.79146,95.89265999999999,249.8181493154964,119.75504
9.87164,19.80402,95.89266,249.47760484295483,119.6391
9.86585,19.75064,95.89265999999999,249.6196823623933,120.11318999999999
9.88731,19.58872,96.8927,250.1479111011265,119.28144
9.88738,19.58936,96.8927,250.25251321230888,119.27495
9.88861,19.60052,96.8927,250.03624993101727,119.15704
9.86941,19.4258,96.8927,250.03624993101727,119.4645
9.50134,20.86955,87.02504,249.1998039056819,117.2411
9.49945,20.86516,86.99758,249.42118867341213,117.2411
9.53007,20.67231,87.68544,249.33489817887693,117.2411
9.528089999999999,20.67003,87.65404000000002,249.55116188340457,117.2411
9.55956,20.49941,88.3652,249.4652310584076,117.2411
9.55749,20.49926,88.32959,255.16049301827667,117.2411
9.53331,20.35283,88.06125,255.16049301827667,118.2411
9.91283,20.379360000000002,95.35177,251.55925000606675,116.09945
9.9177,20.42393,95.35177,251.6899136353648,115.90255
9.920819999999999,20.45253,95.35177,251.37999912191702,115.77636000000001
9.90898,20.34409,95.35177,360.0,116.12763
9.90898,20.344089999999998,95.35177,251.55391474486302,116.12763000000001
9.91073,20.36014,95.35177,251.7875227814866,116.05745
9.91537,20.4026,95.35177,251.45890820138004,115.8722
9.9063,20.31951,95.35177,251.62569256988456,116.13316
9.90802,20.33527,95.35177,360.0,116.06545
9.90802,20.33527,95.35177,360.0,116.06545
9.90802,20.33527,95.35177,251.8620373301897,116.06545
9.90319,20.29105,95.35177,251.6578551137003,116.18494
9.90485,20.30622,95.35177,360.0,116.12131000000001
9.90485,20.30622,95.35177,360.0,116.12131
9.90485,20.30622,95.35177,251.87565650094444,116.12131000000001
9.89977,20.25967,95.35177,251.6522692542904,116.28298999999998
9.90137,20.27439,95.35177,90.0,116.2232
9.90137,20.27439,95.35177,90.0,116.2232
9.90137,20.27439,95.35177,251.8518860608824,116.2232
9.90553,20.31247,95.35177,251.4640052723711,116.06907
9.896180000000001,20.22679,95.35177,251.61083570882832,116.4254
9.89775,20.24117,95.35177,90.0,116.36919
9.89775,20.24117,95.35177,90.0,116.36918999999999
9.89775,20.24117,95.35177,251.8002793457621,116.36919
9.901810000000001,20.27842,95.35177,251.3946711733094,116.22436
9.89257,20.19377,95.35177,251.53523840640202,116.61023
9.89412,20.207929999999998,95.35177,360.0,116.55743000000001
9.89412,20.20793,95.35177,360.0,116.55743
9.89412,20.207929999999998,95.35177,251.7151461109271,116.55743000000001
9.89813,20.24466,95.35177,251.46264311839008,116.42134
9.89064,20.17606,95.35177,251.59807637516883,116.78583
9.89463,20.21256,95.35177,251.3226528094641,116.65798
9.88745,20.146829999999998,95.35177,251.450730920276,117.05245
9.89144,20.18342,95.35177,251.15377169824245,116.93225
9.8847,20.1216,95.35177,251.2749647050836,117.35491999999999
9.88874,20.15861,95.35177,250.95752169291458,117.24172
9.88252,20.101689999999998,95.35177,251.0739160253653,117.69083
9.88664,20.13939,95.35177,250.73514117114314,117.58412
9.88107,20.08837,95.35177,250.8639919878915,118.05763
9.88989,20.16916,95.35177,250.4857720942327,117.84923
9.87969,20.075779999999998,95.35177,250.55986520507568,118.46036000000001
9.88023,20.0807,95.35177,250.16379103565538,118.40314
9.86995,19.98629,95.35177,250.24129520189706,118.95483
9.87062,19.9925,95.35177,249.86444202992,118.89016
9.86178,19.91023,95.35177,249.94692890966888,119.41318000000001
9.86256,19.91757,95.35177,249.58922826232958,119.34148
9.85498,19.84702,95.35177,249.67621414115848,119.83599
9.85589,19.85543,95.35177,249.3372415135385,119.75784
9.8495,19.796020000000002,95.35177,249.42811713273187,120.22433999999998
9.85049,19.80519,95.35177,249.10745365476157,120.14015
9.84522,19.75615,95.35177,249.2017803116834,120.57937
9.84626,19.76583,95.35177,249.0197273779208,120.48968
9.82789,19.59497,95.35177,249.1078894721908,120.7442
9.82875,19.60289,95.35177,248.90232643446475,120.66062
9.80603,19.43661,95.22675,248.90232643446475,121.0
9.66943,21.07121,89.57388,251.33207115913987,114.02435
9.65552,20.87255,89.57388,251.47104844168663,114.74363000000001
9.65442,20.85683,89.57388,250.91430607583595,114.64111
9.64157,20.6732,89.57388,251.09566635057467,115.39898000000001
9.70465,20.49854,90.9918,251.62398293932216,114.6661
9.70465,20.49853,90.9918,251.78224521001584,114.65786000000001
9.70462,20.49822,90.9918,256.23462876264006,114.52556
9.89627,20.37581,94.9918,90.0,116.46221000000001
9.89627,20.37581,94.9918,251.42334278222046,116.46221
9.90264,20.43694,94.9918,360.0,116.19332
9.90264,20.43694,94.9918,251.28650740940083,116.19332
9.894219999999999,20.356189999999998,94.9918,90.0,116.42318
9.89422,20.35619,94.9918,251.52169955475856,116.42318
9.9003,20.41445,94.9918,186.5715477722784,116.16995
9.9003,20.41445,94.9918,251.35783914116,116.16995
9.891580000000001,20.330820000000006,94.9918,360.0,116.43368999999998
9.89158,20.330820000000006,94.9918,251.54730892285139,116.43368999999998
9.89739,20.38661,94.9918,251.58942721770194,116.19538
9.90236,20.43424,94.9918,251.4078372365633,115.99283
9.88898,20.305870000000002,94.9918,180.0,116.4719
9.88898,20.30587,94.9918,180.0,116.4719
9.88898,20.305870000000002,94.9918,251.61585841206687,116.4719
9.89458,20.35958,94.9918,251.40032716660838,116.2481
9.88555,20.27305,94.9918,360.0,116.57717
9.88555,20.27305,94.9918,360.0,116.57717
9.88555,20.27305,94.9918,251.59624266445155,116.57717
9.89099,20.32514,94.9918,270.0,116.36681000000002
9.890989999999999,20.32514,94.9918,251.3567728864703,116.36681000000002
9.88197,20.23865,94.9918,180.0,116.72654
9.881969999999999,20.23865,94.9918,180.0,116.72653999999999
9.88197,20.23865,94.9918,251.54142070111615,116.72654
9.88728,20.28957,94.9918,186.6983684797348,116.52883
9.88728,20.28957,94.9918,251.2788481970644,116.52883
9.87836,20.20407,94.9918,360.0,116.91805
9.87836,20.20407,94.9918,360.0,116.91805
9.87836,20.20407,94.9918,251.45308758140519,116.91805
9.88359,20.25422,94.9918,251.16837745310883,116.73233
9.874880000000001,20.17066,94.9918,251.33280458485103,117.14972
9.88007,20.22047,94.9918,251.02688589780558,116.97522
9.87165,20.13972,94.9918,251.1822640793397,117.41958000000001
9.87685,20.18958,94.9918,250.89003668100213,117.25557
9.873569999999999,20.15813,94.9918,251.01602067004,117.58559
9.87454,20.16737,94.9918,250.6705820313468,117.55753
9.86699,20.095,94.9918,250.811119773582,118.05176999999999
9.87234,20.14634,94.9918,250.44598627289884,117.90634
9.86542,20.0799,94.9918,250.57855287034408,118.42154
9.87087,20.13216,94.9918,250.19817606590718,118.28526
9.86453,20.07142,94.9918,250.28440051800084,118.82206000000001
9.86529,20.07865,94.9918,249.8704829613657,118.74408
9.85511,19.98152,94.9918,249.9635017336973,119.32276999999999
9.85607,19.99051,94.9918,249.58705926404548,119.2347
9.84797,19.914720000000006,94.9918,249.67343250516552,119.69861999999999
9.84814,19.91631,94.9918,249.29574414980343,119.68322
9.84022,19.84226,94.9918,249.40071774855653,120.20925
9.8415,19.85421,94.9918,249.04057240538344,120.10278
9.834760000000001,19.79109,94.9918,249.1506034563289,120.6032
9.83614,19.80409,94.9918,248.8075811199916,120.48843
9.83048,19.75112,94.9918,248.92217563197516,120.96382
9.83195,19.76485,94.9918,248.72141492044312,120.84145
9.8134,19.59133,94.9918,248.828500761035,121.12868
9.81462,19.60271,94.9918,248.60775853045527,121.01364
9.79602,19.42876,94.9918,248.60775853045527,121.32453999999998
