TWA\TWS;0;1;2;3;4;5;6;7;8;9;10;11;12;13;14;15;16;17;18;19;20;21;22;23;24;25;26;27;28;29;30;31;32;33;34;35;36;37;38;39;40;41;42;43;44;45;46;47;48;49;50;51;52;53;54;55;56;57;58;59;60;61;62;63;64;65;66;67;68;69;70
0;0;0;0;0;0;0;0;0;0;0;0;0;0;0;0;0;0;0;0;0;0;0;0;0;0;0;0;0;0;0;0;0;0;0;0;0;0;0;0;0;0;0;0;0;0;0;0;0;0;0;0;0;0;0;0;0;0;0;0;0;0;0;0;0;0;0;0;0;0;0;0
1;0;0.017;0.033;0.04;0.048;0.063;0.055;0.074;0.107;0.066;0.165;0.193;0.221;0.221;0.221;0.215;0.21;0.234;0.257;0.263;0.268;0.268;0.268;0.25;0.232;0.257;0.213;0.191;0.169;0.169;0.169;0.178;0.188;0.184;0.18;0.17;0.163;0.144;0.137;0.128;0.125;0.12;0.117;0.113;0.109;0.106;0.103;0.099;0.095;0.091;0.087;0.084;0.081;0.078;0.075;0.073;0.07;0.067;0.064;0.061;0.058;0.055;0.053;0.05;0.047;0.045;0.042;0.039;0.037;0.034;0.031
2;0;0.033;0.066;0.081;0.096;0.125;0.11;0.147;0.213;0.131;0.331;0.386;0.441;0.441;0.441;0.43;0.419;0.467;0.515;0.526;0.537;0.537;0.537;0.5;0.463;0.515;0.427;0.382;0.338;0.338;0.338;0.357;0.375;0.368;0.36;0.34;0.326;0.288;0.275;0.257;0.251;0.239;0.234;0.226;0.217;0.212;0.206;0.198;0.19;0.182;0.175;0.169;0.163;0.157;0.151;0.145;0.139;0.133;0.127;0.122;0.116;0.11;0.105;0.1;0.095;0.089;0.084;0.079;0.073;0.068;0.063
3;0;0.05;0.099;0.121;0.143;0.188;0.165;0.221;0.32;0.197;0.496;0.579;0.662;0.662;0.662;0.645;0.629;0.701;0.772;0.789;0.805;0.805;0.805;0.75;0.695;0.772;0.64;0.574;0.508;0.508;0.508;0.535;0.563;0.552;0.541;0.51;0.489;0.431;0.412;0.385;0.376;0.359;0.351;0.339;0.326;0.317;0.309;0.297;0.285;0.273;0.262;0.253;0.244;0.235;0.226;0.218;0.209;0.2;0.191;0.182;0.174;0.166;0.158;0.15;0.142;0.134;0.126;0.118;0.11;0.102;0.094
4;0;0.066;0.132;0.162;0.191;0.25;0.221;0.294;0.427;0.262;0.662;0.772;0.883;0.883;0.883;0.861;0.839;0.934;1.03;1.052;1.074;1.074;1.074;1;0.927;1.03;0.853;0.765;0.677;0.677;0.677;0.713;0.75;0.736;0.721;0.679;0.653;0.575;0.55;0.514;0.501;0.479;0.468;0.451;0.435;0.423;0.412;0.396;0.38;0.364;0.349;0.337;0.326;0.314;0.302;0.29;0.278;0.267;0.255;0.243;0.231;0.221;0.21;0.2;0.189;0.179;0.168;0.157;0.147;0.136;0.126
5;0;0.083;0.165;0.202;0.239;0.313;0.276;0.368;0.533;0.328;0.827;0.965;1.103;1.103;1.103;1.076;1.048;1.168;1.287;1.315;1.342;1.342;1.342;1.25;1.158;1.287;1.067;0.956;0.846;0.846;0.846;0.892;0.938;0.919;0.901;0.849;0.816;0.719;0.687;0.642;0.627;0.598;0.585;0.564;0.543;0.529;0.515;0.495;0.475;0.456;0.436;0.422;0.407;0.392;0.377;0.363;0.348;0.333;0.319;0.304;0.289;0.276;0.263;0.25;0.236;0.223;0.21;0.197;0.184;0.17;0.157
6;0;0.099;0.199;0.243;0.287;0.375;0.331;0.441;0.64;0.393;0.993;1.158;1.324;1.324;1.324;1.291;1.258;1.401;1.545;1.578;1.611;1.611;1.611;1.5;1.39;1.545;1.28;1.147;1.015;1.015;1.015;1.07;1.125;1.103;1.081;1.019;0.979;0.863;0.824;0.77;0.752;0.718;0.702;0.677;0.652;0.635;0.618;0.594;0.57;0.547;0.524;0.506;0.488;0.471;0.453;0.435;0.418;0.4;0.382;0.365;0.347;0.331;0.315;0.299;0.284;0.268;0.252;0.236;0.22;0.204;0.189
7;0;0.116;0.232;0.283;0.335;0.438;0.386;0.515;0.747;0.459;1.158;1.352;1.545;1.545;1.545;1.506;1.467;1.635;1.802;1.841;1.879;1.879;1.879;1.751;1.622;1.802;1.493;1.339;1.184;1.184;1.184;1.249;1.313;1.287;1.261;1.189;1.142;1.006;0.962;0.899;0.878;0.838;0.819;0.79;0.761;0.741;0.721;0.693;0.665;0.638;0.611;0.59;0.57;0.549;0.528;0.508;0.487;0.467;0.446;0.425;0.405;0.386;0.368;0.349;0.331;0.312;0.294;0.275;0.257;0.238;0.22
8;0;0.132;0.265;0.324;0.382;0.5;0.441;0.588;0.853;0.524;1.324;1.545;1.765;1.765;1.765;1.721;1.677;1.868;2.059;2.104;2.148;2.148;2.148;2.001;1.854;2.059;1.706;1.53;1.353;1.353;1.353;1.427;1.5;1.471;1.442;1.359;1.305;1.15;1.099;1.027;1.003;0.958;0.936;0.903;0.869;0.847;0.824;0.792;0.76;0.729;0.698;0.675;0.651;0.627;0.604;0.58;0.557;0.533;0.51;0.486;0.463;0.442;0.42;0.399;0.378;0.357;0.336;0.315;0.294;0.273;0.251
9;0;0.149;0.298;0.364;0.43;0.563;0.496;0.662;0.96;0.59;1.489;1.738;1.986;1.986;1.986;1.936;1.887;2.102;2.317;2.367;2.416;2.416;2.416;2.251;2.085;2.317;1.92;1.721;1.523;1.523;1.523;1.605;1.688;1.655;1.622;1.529;1.468;1.294;1.237;1.155;1.128;1.077;1.053;1.016;0.978;0.952;0.927;0.891;0.855;0.82;0.785;0.759;0.732;0.706;0.679;0.653;0.626;0.6;0.574;0.547;0.521;0.497;0.473;0.449;0.425;0.402;0.378;0.354;0.33;0.307;0.283
10;0;0.165;0.331;0.405;0.478;0.625;0.552;0.736;1.067;0.655;1.655;1.931;2.207;2.207;2.207;2.151;2.096;2.335;2.574;2.63;2.685;2.685;2.685;2.501;2.317;2.574;2.133;1.912;1.692;1.692;1.692;1.784;1.876;1.839;1.802;1.698;1.632;1.438;1.374;1.284;1.254;1.197;1.17;1.128;1.087;1.058;1.03;0.99;0.95;0.911;0.873;0.843;0.814;0.784;0.755;0.726;0.696;0.667;0.637;0.608;0.578;0.552;0.526;0.499;0.473;0.446;0.42;0.394;0.367;0.341;0.314
11;0;0.182;0.364;0.445;0.526;0.688;0.607;0.809;1.173;0.721;1.82;2.124;2.427;2.427;2.427;2.367;2.306;2.569;2.832;2.892;2.953;2.953;2.953;2.751;2.549;2.832;2.346;2.104;1.861;1.861;1.861;1.962;2.063;2.023;1.982;1.868;1.795;1.581;1.512;1.412;1.379;1.317;1.287;1.241;1.195;1.164;1.133;1.089;1.044;1.002;0.96;0.928;0.895;0.863;0.83;0.798;0.766;0.733;0.701;0.669;0.636;0.607;0.578;0.549;0.52;0.491;0.462;0.433;0.404;0.375;0.346
12;0;0.199;0.397;0.485;0.574;0.75;0.662;0.883;1.28;0.786;1.986;2.317;2.648;2.648;2.648;2.582;2.516;2.802;3.089;3.155;3.222;3.222;3.222;3.001;2.78;3.089;2.56;2.295;2.03;2.03;2.03;2.14;2.251;2.207;2.162;2.038;1.958;1.725;1.649;1.541;1.504;1.436;1.404;1.354;1.304;1.27;1.236;1.188;1.139;1.093;1.047;1.012;0.977;0.941;0.906;0.871;0.835;0.8;0.765;0.729;0.694;0.662;0.631;0.599;0.567;0.536;0.504;0.472;0.441;0.409;0.377
13;0;0.215;0.43;0.526;0.622;0.813;0.717;0.956;1.386;0.852;2.151;2.51;2.869;2.869;2.869;2.797;2.725;3.036;3.347;3.418;3.49;3.49;3.49;3.251;3.012;3.347;2.773;2.486;2.199;2.199;2.199;2.319;2.438;2.39;2.343;2.208;2.121;1.869;1.786;1.669;1.63;1.556;1.521;1.467;1.413;1.376;1.339;1.287;1.234;1.184;1.134;1.096;1.058;1.02;0.981;0.943;0.905;0.867;0.828;0.79;0.752;0.718;0.683;0.649;0.615;0.58;0.546;0.512;0.477;0.443;0.409
14;0;0.232;0.463;0.566;0.669;0.875;0.772;1.03;1.493;0.917;2.317;2.703;3.089;3.089;3.089;3.012;2.935;3.269;3.604;3.681;3.759;3.759;3.759;3.501;3.244;3.604;2.986;2.677;2.368;2.368;2.368;2.497;2.626;2.574;2.523;2.378;2.284;2.013;1.924;1.797;1.755;1.676;1.638;1.58;1.521;1.481;1.442;1.385;1.329;1.275;1.222;1.18;1.139;1.098;1.057;1.016;0.975;0.933;0.892;0.851;0.81;0.773;0.736;0.699;0.662;0.625;0.588;0.551;0.514;0.477;0.44
15;0;0.248;0.496;0.607;0.717;0.938;0.827;1.103;1.6;0.983;2.482;2.896;3.31;3.31;3.31;3.227;3.144;3.503;3.862;3.944;4.027;4.027;4.027;3.751;3.475;3.862;3.2;2.869;2.538;2.538;2.538;2.676;2.813;2.758;2.703;2.548;2.447;2.156;2.061;1.926;1.881;1.795;1.755;1.693;1.63;1.587;1.545;1.484;1.424;1.367;1.309;1.265;1.221;1.177;1.132;1.088;1.044;1;0.956;0.912;0.868;0.828;0.788;0.749;0.709;0.67;0.63;0.59;0.551;0.511;0.471
16;0;0.265;0.53;0.647;0.765;1;0.883;1.177;1.706;1.048;2.648;3.089;3.531;3.531;3.531;3.442;3.354;3.737;4.119;4.207;4.296;4.296;4.296;4.001;3.707;4.119;3.413;3.06;2.707;2.707;2.707;2.854;3.001;2.942;2.883;2.717;2.61;2.3;2.199;2.054;2.006;1.915;1.872;1.805;1.739;1.693;1.648;1.583;1.519;1.458;1.396;1.349;1.302;1.255;1.208;1.161;1.114;1.067;1.02;0.973;0.925;0.883;0.841;0.799;0.756;0.714;0.672;0.63;0.587;0.545;0.503
17;0;0.281;0.563;0.688;0.813;1.063;0.938;1.25;1.813;1.114;2.813;3.282;3.751;3.751;3.751;3.657;3.564;3.97;4.376;4.47;4.564;4.564;4.564;4.251;3.939;4.376;3.626;3.251;2.876;2.876;2.876;3.032;3.189;3.126;3.063;2.887;2.774;2.444;2.336;2.183;2.131;2.035;1.989;1.918;1.847;1.799;1.751;1.682;1.614;1.549;1.483;1.433;1.383;1.333;1.283;1.233;1.183;1.133;1.083;1.033;0.983;0.938;0.893;0.849;0.804;0.759;0.714;0.669;0.624;0.579;0.534
18;0;0.298;0.596;0.728;0.861;1.125;0.993;1.324;1.92;1.18;2.979;3.475;3.972;3.972;3.972;3.873;3.773;4.204;4.634;4.733;4.832;4.832;4.832;4.501;4.17;4.634;3.839;3.442;3.045;3.045;3.045;3.211;3.376;3.31;3.244;3.057;2.937;2.588;2.473;2.311;2.257;2.154;2.106;2.031;1.956;1.905;1.854;1.781;1.709;1.64;1.571;1.518;1.465;1.412;1.359;1.306;1.253;1.2;1.147;1.094;1.041;0.994;0.946;0.898;0.851;0.803;0.756;0.708;0.661;0.613;0.566
19;0;0.314;0.629;0.769;0.908;1.188;1.048;1.398;2.026;1.245;3.144;3.668;4.193;4.193;4.193;4.088;3.983;4.437;4.891;4.996;5.101;5.101;5.101;4.752;4.402;4.891;4.053;3.634;3.214;3.214;3.214;3.389;3.564;3.494;3.424;3.227;3.1;2.732;2.611;2.439;2.382;2.274;2.223;2.144;2.065;2.011;1.957;1.88;1.804;1.731;1.658;1.602;1.546;1.49;1.434;1.378;1.323;1.267;1.211;1.155;1.099;1.049;0.999;0.948;0.898;0.848;0.798;0.748;0.697;0.647;0.597
20;0;0.331;0.662;0.809;0.956;1.25;1.103;1.471;2.133;1.311;3.31;3.862;4.413;4.413;4.413;4.303;4.193;4.671;5.149;5.259;5.369;5.369;5.369;5.002;4.634;5.149;4.266;3.825;3.383;3.383;3.383;3.567;3.751;3.678;3.604;3.397;3.263;2.875;2.748;2.568;2.508;2.394;2.34;2.257;2.173;2.116;2.059;1.979;1.899;1.822;1.745;1.686;1.628;1.569;1.51;1.451;1.392;1.333;1.274;1.216;1.157;1.104;1.051;0.998;0.945;0.893;0.84;0.787;0.734;0.681;0.629
21;0;0.348;0.695;0.85;1.004;1.313;1.158;1.545;2.24;1.376;3.475;4.055;4.634;4.634;4.634;4.518;4.402;4.904;5.406;5.522;5.638;5.638;5.638;5.252;4.866;5.406;4.479;4.016;3.553;3.553;3.553;3.746;3.939;3.862;3.784;3.567;3.426;3.019;2.886;2.696;2.633;2.514;2.457;2.37;2.282;2.222;2.162;2.078;1.994;1.913;1.832;1.771;1.709;1.647;1.585;1.524;1.462;1.4;1.338;1.276;1.215;1.159;1.104;1.048;0.993;0.937;0.882;0.826;0.771;0.715;0.66
22;0;0.364;0.728;0.89;1.052;1.375;1.214;1.618;2.346;1.442;3.641;4.248;4.855;4.855;4.855;4.733;4.612;5.138;5.664;5.785;5.906;5.906;5.906;5.502;5.097;5.664;4.693;4.207;3.722;3.722;3.722;3.924;4.126;4.045;3.965;3.737;3.589;3.163;3.023;2.824;2.758;2.633;2.574;2.482;2.39;2.328;2.265;2.177;2.089;2.004;1.92;1.855;1.79;1.726;1.661;1.596;1.531;1.467;1.402;1.337;1.272;1.214;1.156;1.098;1.04;0.982;0.924;0.866;0.808;0.75;0.691
23;0;0.381;0.761;0.93;1.1;1.438;1.269;1.692;2.453;1.507;3.806;4.441;5.075;5.075;5.075;4.948;4.821;5.371;5.921;6.048;6.175;6.175;6.175;5.752;5.329;5.921;4.906;4.398;3.891;3.891;3.891;4.102;4.314;4.229;4.145;3.906;3.753;3.307;3.16;2.953;2.884;2.753;2.691;2.595;2.499;2.434;2.368;2.276;2.184;2.095;2.007;1.939;1.872;1.804;1.736;1.669;1.601;1.533;1.466;1.398;1.33;1.27;1.209;1.148;1.087;1.027;0.966;0.905;0.844;0.784;0.723
24;0;0.397;0.794;0.971;1.147;1.5;1.324;1.765;2.56;1.573;3.972;4.634;5.296;5.296;5.296;5.163;5.031;5.605;6.178;6.311;6.443;6.443;6.443;6.002;5.561;6.178;5.119;4.59;4.06;4.06;4.06;4.281;4.501;4.413;4.325;4.076;3.916;3.45;3.298;3.081;3.009;2.873;2.808;2.708;2.608;2.54;2.471;2.375;2.279;2.187;2.094;2.024;1.953;1.882;1.812;1.741;1.671;1.6;1.529;1.459;1.388;1.325;1.261;1.198;1.135;1.071;1.008;0.944;0.881;0.818;0.754
25;0;0.414;0.827;1.011;1.195;1.563;1.379;1.839;2.666;1.638;4.137;4.827;5.517;5.517;5.517;5.379;5.241;5.838;6.436;6.574;6.712;6.712;6.712;6.252;5.792;6.436;5.333;4.781;4.229;4.229;4.229;4.459;4.689;4.597;4.505;4.246;4.079;3.594;3.435;3.21;3.134;2.992;2.925;2.821;2.716;2.645;2.574;2.474;2.374;2.278;2.182;2.108;2.034;1.961;1.887;1.814;1.74;1.667;1.593;1.52;1.446;1.38;1.314;1.248;1.182;1.116;1.05;0.984;0.918;0.852;0.786
26;0;0.43;0.861;1.052;1.243;1.626;1.434;1.912;2.773;1.704;4.303;5.02;5.737;5.737;5.737;5.594;5.45;6.072;6.693;6.837;6.98;6.98;6.98;6.502;6.024;6.693;5.546;4.972;4.398;4.398;4.398;4.638;4.877;4.781;4.685;4.416;4.242;3.738;3.573;3.338;3.26;3.112;3.042;2.934;2.825;2.751;2.677;2.573;2.469;2.369;2.269;2.192;2.116;2.039;1.963;1.886;1.81;1.733;1.657;1.58;1.504;1.435;1.366;1.298;1.229;1.16;1.092;1.023;0.954;0.886;0.817
27;0;0.447;0.894;1.092;1.291;1.688;1.489;1.986;2.88;1.769;4.468;5.213;5.958;5.958;5.958;5.809;5.66;6.305;6.951;7.1;7.249;7.249;7.249;6.752;6.256;6.951;5.759;5.163;4.568;4.568;4.568;4.816;5.064;4.965;4.866;4.586;4.405;3.882;3.71;3.466;3.385;3.232;3.159;3.047;2.934;2.857;2.78;2.672;2.564;2.46;2.356;2.277;2.197;2.118;2.038;1.959;1.879;1.8;1.721;1.641;1.562;1.49;1.419;1.348;1.276;1.205;1.134;1.062;0.991;0.92;0.849
28;0;0.463;0.927;1.133;1.339;1.751;1.545;2.059;2.986;1.835;4.634;5.406;6.178;6.178;6.178;6.024;5.87;6.539;7.208;7.363;7.517;7.517;7.517;7.002;6.487;7.208;5.973;5.355;4.737;4.737;4.737;4.994;5.252;5.149;5.046;4.756;4.568;4.025;3.848;3.595;3.51;3.351;3.276;3.159;3.042;2.963;2.883;2.771;2.659;2.551;2.443;2.361;2.279;2.196;2.114;2.031;1.949;1.867;1.784;1.702;1.62;1.546;1.472;1.398;1.324;1.25;1.176;1.102;1.028;0.954;0.88
29;0;0.48;0.96;1.173;1.386;1.813;1.6;2.133;3.093;1.9;4.799;5.599;6.399;6.399;6.399;6.239;6.079;6.772;7.466;7.626;7.786;7.786;7.786;7.252;6.719;7.466;6.186;5.546;4.906;4.906;4.906;5.173;5.439;5.333;5.226;4.925;4.731;4.169;3.985;3.723;3.636;3.471;3.393;3.272;3.151;3.069;2.986;2.87;2.754;2.642;2.531;2.445;2.36;2.275;2.189;2.104;2.019;1.933;1.848;1.763;1.677;1.601;1.524;1.448;1.371;1.294;1.218;1.141;1.065;0.988;0.911
30;0;0.496;0.993;1.214;1.434;1.876;1.655;2.207;3.2;1.966;4.965;5.792;6.62;6.62;6.62;6.454;6.289;7.006;7.723;7.889;8.054;8.054;8.054;7.502;6.951;7.723;6.399;5.737;5.075;5.075;5.075;5.351;5.627;5.517;5.406;5.095;4.895;4.313;4.122;3.852;3.761;3.591;3.51;3.385;3.26;3.174;3.089;2.969;2.849;2.733;2.618;2.53;2.441;2.353;2.265;2.177;2.088;2;1.912;1.823;1.735;1.656;1.577;1.497;1.418;1.339;1.26;1.181;1.101;1.022;0.943
31;0;0.53;1.059;1.291;1.523;1.964;1.743;2.405;3.354;2.253;5.186;6.057;6.929;6.885;6.84;6.719;6.598;7.293;7.988;8.164;8.341;8.341;8.341;7.778;7.216;7.966;6.664;6.079;5.494;5.505;5.517;5.699;5.882;5.766;5.651;5.336;5.129;4.505;4.311;4.034;3.942;3.765;3.663;3.543;3.422;3.333;3.244;3.112;2.981;2.862;2.742;2.65;2.558;2.467;2.375;2.283;2.191;2.099;2.007;1.915;1.823;1.74;1.656;1.573;1.489;1.405;1.322;1.238;1.154;1.071;0.987
32;0;0.563;1.125;1.368;1.611;2.052;1.831;2.604;3.508;2.54;5.406;6.322;7.238;7.149;7.061;6.984;6.907;7.58;8.253;8.44;8.628;8.628;8.628;8.054;7.48;8.209;6.929;6.421;5.914;5.936;5.958;6.047;6.136;6.016;5.896;5.577;5.364;4.698;4.499;4.217;4.122;3.94;3.815;3.7;3.585;3.491;3.398;3.256;3.113;2.99;2.867;2.771;2.676;2.58;2.485;2.389;2.294;2.198;2.103;2.007;1.912;1.824;1.736;1.648;1.559;1.471;1.383;1.295;1.207;1.119;1.031
33;0;0.596;1.192;1.445;1.699;2.14;1.92;2.802;3.663;2.826;5.627;6.587;7.547;7.414;7.282;7.249;7.216;7.867;8.517;8.716;8.915;8.915;8.915;8.33;7.745;8.451;7.194;6.763;6.333;6.366;6.399;6.395;6.391;6.266;6.14;5.817;5.599;4.891;4.688;4.399;4.303;4.114;3.968;3.858;3.747;3.65;3.553;3.399;3.246;3.118;2.991;2.892;2.793;2.694;2.595;2.495;2.396;2.297;2.198;2.099;2;1.908;1.815;1.723;1.63;1.538;1.445;1.353;1.26;1.168;1.075
34;0;0.629;1.258;1.523;1.787;2.229;2.008;3.001;3.817;3.113;5.847;6.851;7.855;7.679;7.502;7.513;7.525;8.153;8.782;8.992;9.202;9.202;9.202;8.606;8.01;8.694;7.458;7.105;6.752;6.796;6.84;6.743;6.646;6.515;6.385;6.058;5.833;5.083;4.877;4.582;4.483;4.289;4.12;4.015;3.91;3.808;3.707;3.543;3.378;3.247;3.115;3.013;2.91;2.807;2.704;2.602;2.499;2.396;2.294;2.191;2.088;1.991;1.894;1.798;1.701;1.604;1.507;1.41;1.313;1.216;1.119
35;0;0.662;1.324;1.6;1.876;2.317;2.096;3.2;3.972;3.4;6.068;7.116;8.164;7.944;7.723;7.778;7.833;8.44;9.047;9.268;9.488;9.488;9.488;8.882;8.275;8.937;7.723;7.447;7.171;7.227;7.282;7.091;6.901;6.765;6.63;6.299;6.068;5.276;5.065;4.764;4.664;4.463;4.273;4.172;4.072;3.967;3.862;3.686;3.51;3.375;3.24;3.133;3.027;2.921;2.814;2.708;2.602;2.495;2.389;2.283;2.177;2.075;1.974;1.873;1.771;1.67;1.569;1.467;1.366;1.265;1.163
36;0;0.684;1.368;1.666;1.964;2.427;2.273;3.398;4.148;3.902;6.333;7.392;8.451;8.22;7.988;8.076;8.164;8.705;9.246;9.488;9.731;9.731;9.731;9.124;8.517;9.224;7.988;7.789;7.591;7.635;7.679;7.438;7.198;7.067;6.937;6.58;6.441;5.659;5.44;5.113;4.987;4.796;4.598;4.481;4.365;4.253;4.14;3.957;3.773;3.624;3.474;3.36;3.246;3.131;3.017;2.903;2.788;2.674;2.56;2.445;2.331;2.223;2.115;2.007;1.899;1.791;1.683;1.576;1.468;1.36;1.252
37;0;0.706;1.412;1.732;2.052;2.538;2.449;3.597;4.325;4.403;6.598;7.668;8.738;8.495;8.253;8.374;8.495;8.97;9.444;9.709;9.974;9.974;9.974;9.367;8.76;9.51;8.253;8.131;8.01;8.043;8.076;7.785;7.494;7.369;7.244;6.861;6.814;6.042;5.815;5.462;5.31;5.129;4.923;4.79;4.658;4.539;4.419;4.228;4.036;3.873;3.709;3.587;3.464;3.342;3.22;3.097;2.975;2.853;2.73;2.608;2.485;2.371;2.256;2.142;2.027;1.913;1.798;1.684;1.569;1.455;1.34
38;0;0.728;1.456;1.798;2.14;2.648;2.626;3.795;4.501;4.905;6.863;7.944;9.025;8.771;8.517;8.672;8.826;9.235;9.643;9.93;10.217;10.217;10.217;9.61;9.003;9.797;8.517;8.473;8.429;8.451;8.473;8.132;7.791;7.671;7.551;7.141;7.187;6.425;6.191;5.811;5.633;5.462;5.248;5.099;4.951;4.824;4.698;4.498;4.299;4.121;3.944;3.813;3.683;3.553;3.422;3.292;3.161;3.031;2.901;2.77;2.64;2.519;2.398;2.276;2.155;2.034;1.913;1.792;1.671;1.549;1.428
39;0;0.75;1.5;1.865;2.229;2.758;2.802;3.994;4.678;5.406;7.127;8.22;9.312;9.047;8.782;8.97;9.157;9.499;9.841;10.15;10.459;10.459;10.459;9.852;9.246;10.084;8.782;8.815;8.848;8.859;8.871;8.479;8.088;7.973;7.858;7.422;7.561;6.808;6.566;6.16;5.956;5.795;5.573;5.408;5.244;5.11;4.977;4.769;4.562;4.37;4.178;4.04;3.902;3.763;3.625;3.486;3.348;3.21;3.071;2.933;2.794;2.667;2.539;2.411;2.283;2.155;2.028;1.9;1.772;1.644;1.517
40;0;0.772;1.545;1.931;2.317;2.869;2.979;4.193;4.855;5.908;7.392;8.495;9.599;9.323;9.047;9.268;9.488;9.764;10.04;10.371;10.702;10.702;10.702;10.095;9.488;10.371;9.047;9.157;9.268;9.268;9.268;8.826;8.385;8.275;8.164;7.703;7.934;7.192;6.941;6.509;6.279;6.128;5.898;5.717;5.537;5.396;5.256;5.04;4.824;4.619;4.413;4.267;4.12;3.974;3.827;3.681;3.535;3.388;3.242;3.095;2.949;2.814;2.68;2.546;2.411;2.277;2.142;2.008;1.874;1.739;1.605
41;0;0.794;1.589;2.008;2.427;2.979;3.155;4.524;5.274;6.225;7.767;8.804;9.841;9.577;9.312;9.488;9.665;9.952;10.239;10.57;10.901;10.901;10.901;10.338;9.775;10.636;9.334;9.444;9.555;9.566;9.577;9.119;8.662;8.546;8.429;7.942;8.128;7.44;7.165;6.73;6.493;6.321;6.104;5.918;5.731;5.578;5.424;5.205;4.985;4.775;4.566;4.415;4.264;4.113;3.961;3.81;3.659;3.508;3.357;3.206;3.055;2.915;2.775;2.634;2.494;2.354;2.214;2.074;1.933;1.793;1.653
42;0;0.816;1.633;2.085;2.538;3.089;3.332;4.855;5.693;6.542;8.142;9.113;10.084;9.83;9.577;9.709;9.841;10.139;10.437;10.768;11.099;11.099;11.099;10.581;10.062;10.901;9.621;9.731;9.841;9.864;9.886;9.412;8.939;8.816;8.694;8.18;8.323;7.689;7.39;6.951;6.708;6.513;6.311;6.118;5.926;5.759;5.593;5.369;5.145;4.932;4.718;4.562;4.407;4.251;4.095;3.94;3.784;3.628;3.473;3.317;3.161;3.015;2.869;2.723;2.577;2.431;2.285;2.139;1.993;1.847;1.701
43;0;0.839;1.677;2.162;2.648;3.2;3.508;5.186;6.112;6.859;8.517;9.422;10.327;10.084;9.841;9.93;10.018;10.327;10.636;10.967;11.298;11.298;11.298;10.823;10.349;11.165;9.908;10.018;10.128;10.161;10.194;9.705;9.216;9.087;8.959;8.419;8.517;7.938;7.615;7.171;6.923;6.706;6.517;6.319;6.12;5.941;5.761;5.534;5.306;5.088;4.871;4.71;4.55;4.39;4.229;4.069;3.909;3.749;3.588;3.428;3.268;3.116;2.964;2.812;2.66;2.509;2.357;2.205;2.053;1.901;1.749
44;0;0.861;1.721;2.24;2.758;3.31;3.685;5.517;6.532;7.175;8.893;9.731;10.57;10.338;10.106;10.15;10.194;10.514;10.834;11.165;11.496;11.496;11.496;11.066;10.636;11.43;10.194;10.305;10.415;10.459;10.503;9.998;9.492;9.358;9.224;8.658;8.712;8.186;7.839;7.392;7.137;6.899;6.724;6.519;6.315;6.122;5.93;5.698;5.466;5.245;5.023;4.858;4.693;4.528;4.363;4.199;4.034;3.869;3.704;3.539;3.374;3.216;3.059;2.901;2.743;2.586;2.428;2.27;2.113;1.955;1.797
45;0;0.883;1.765;2.317;2.869;3.42;3.862;5.847;6.951;7.492;9.268;10.04;10.812;10.592;10.371;10.371;10.371;10.702;11.033;11.364;11.695;11.695;11.695;11.309;10.923;11.695;10.481;10.592;10.702;10.757;10.812;10.291;9.769;9.629;9.488;8.897;8.907;8.435;8.064;7.613;7.352;7.091;6.931;6.72;6.509;6.304;6.098;5.863;5.627;5.401;5.175;5.006;4.836;4.667;4.497;4.328;4.158;3.989;3.819;3.65;3.48;3.317;3.153;2.99;2.826;2.663;2.499;2.336;2.172;2.009;1.846
46;0;0.905;1.809;2.372;2.935;3.553;4.104;6.046;7.127;7.641;9.4;10.15;10.901;10.702;10.503;10.503;10.503;10.823;11.143;11.463;11.783;11.794;11.805;11.541;11.276;11.938;10.834;10.89;10.945;11;11.055;10.551;10.046;9.901;9.755;9.157;9.181;8.722;8.345;7.906;7.639;7.372;7.185;6.97;6.754;6.543;6.331;6.088;5.845;5.607;5.368;5.192;5.015;4.839;4.663;4.486;4.31;4.134;3.957;3.781;3.605;3.436;3.267;3.099;2.93;2.761;2.593;2.424;2.255;2.086;1.918
47;0;0.927;1.854;2.427;3.001;3.685;4.347;6.245;7.304;7.789;9.533;10.261;10.989;10.812;10.636;10.636;10.636;10.945;11.254;11.563;11.872;11.894;11.916;11.772;11.629;12.18;11.187;11.187;11.187;11.243;11.298;10.81;10.323;10.172;10.022;9.418;9.456;9.009;8.626;8.199;7.926;7.653;7.44;7.22;6.999;6.781;6.564;6.314;6.064;5.812;5.561;5.377;5.194;5.011;4.828;4.645;4.462;4.279;4.095;3.912;3.729;3.555;3.381;3.207;3.033;2.86;2.686;2.512;2.338;2.164;1.99
48;0;0.949;1.898;2.482;3.067;3.817;4.59;6.443;7.48;7.938;9.665;10.371;11.077;10.923;10.768;10.768;10.768;11.066;11.364;11.662;11.96;11.993;12.026;12.004;11.982;12.423;11.541;11.485;11.43;11.485;11.541;11.07;10.6;10.444;10.289;9.679;9.731;9.296;8.907;8.491;8.213;7.934;7.695;7.469;7.244;7.02;6.796;6.54;6.283;6.018;5.753;5.563;5.373;5.183;4.993;4.803;4.613;4.423;4.233;4.043;3.854;3.674;3.495;3.316;3.137;2.958;2.779;2.6;2.42;2.241;2.062
49;0;0.971;1.942;2.538;3.133;3.95;4.832;6.642;7.657;8.086;9.797;10.481;11.165;11.033;10.901;10.901;10.901;11.187;11.474;11.761;12.048;12.092;12.136;12.236;12.335;12.666;11.894;11.783;11.673;11.728;11.783;11.33;10.877;10.716;10.556;9.94;10.006;9.583;9.187;8.784;8.499;8.215;7.95;7.719;7.488;7.259;7.029;6.765;6.501;6.224;5.946;5.749;5.552;5.355;5.159;4.962;4.765;4.568;4.371;4.175;3.978;3.794;3.609;3.425;3.24;3.056;2.872;2.687;2.503;2.319;2.134
50;0;0.993;1.986;2.593;3.2;4.082;5.075;6.84;7.833;8.235;9.93;10.592;11.254;11.143;11.033;11.033;11.033;11.309;11.585;11.86;12.136;12.191;12.247;12.467;12.688;12.909;12.247;12.081;11.916;11.971;12.026;11.59;11.153;10.988;10.822;10.201;10.281;9.87;9.468;9.077;8.786;8.495;8.205;7.969;7.733;7.497;7.262;6.991;6.72;6.429;6.138;5.935;5.731;5.528;5.324;5.12;4.917;4.713;4.509;4.306;4.102;3.913;3.723;3.534;3.344;3.154;2.965;2.775;2.586;2.396;2.207
51;0;1.026;2.052;2.659;3.266;4.193;5.186;6.929;7.9;8.323;10.062;10.691;11.32;11.198;11.077;11.11;11.143;11.419;11.695;11.982;12.269;12.346;12.423;12.644;12.864;13.173;12.511;12.291;12.07;12.125;12.18;11.751;11.322;11.153;10.985;10.341;10.457;10.024;9.601;9.244;8.947;8.654;8.359;8.119;7.88;7.64;7.4;7.126;6.852;6.558;6.263;6.055;5.846;5.638;5.43;5.222;5.013;4.805;4.597;4.389;4.181;3.988;3.795;3.602;3.409;3.216;3.023;2.83;2.637;2.444;2.251
52;0;1.059;2.118;2.725;3.332;4.303;5.296;7.017;7.966;8.411;10.194;10.79;11.386;11.254;11.121;11.187;11.254;11.529;11.805;12.103;12.401;12.5;12.6;12.82;13.041;13.438;12.776;12.5;12.225;12.28;12.335;11.913;11.49;11.319;11.147;10.481;10.634;10.178;9.733;9.41;9.107;8.812;8.513;8.27;8.026;7.782;7.539;7.262;6.985;6.686;6.387;6.174;5.961;5.749;5.536;5.323;5.11;4.897;4.684;4.472;4.259;4.062;3.866;3.67;3.473;3.277;3.08;2.884;2.688;2.491;2.295
53;0;1.092;2.185;2.791;3.398;4.413;5.406;7.105;8.032;8.499;10.327;10.89;11.452;11.309;11.165;11.265;11.364;11.64;11.916;12.225;12.533;12.655;12.776;12.997;13.218;13.703;13.041;12.71;12.379;12.434;12.489;12.074;11.659;11.484;11.31;10.622;10.81;10.333;9.866;9.577;9.268;8.971;8.668;8.42;8.172;7.925;7.677;7.397;7.117;6.814;6.511;6.294;6.077;5.859;5.642;5.424;5.207;4.989;4.772;4.554;4.337;4.137;3.937;3.738;3.538;3.338;3.138;2.938;2.739;2.539;2.339
54;0;1.125;2.251;2.858;3.464;4.524;5.517;7.194;8.098;8.588;10.459;10.989;11.518;11.364;11.21;11.342;11.474;11.75;12.026;12.346;12.666;12.809;12.953;13.173;13.394;13.968;13.306;12.92;12.533;12.589;12.644;12.236;11.827;11.65;11.472;10.762;10.987;10.487;9.998;9.743;9.428;9.129;8.822;8.571;8.319;8.067;7.815;7.533;7.25;6.943;6.636;6.414;6.192;5.97;5.748;5.526;5.303;5.081;4.859;4.637;4.415;4.212;4.009;3.806;3.602;3.399;3.196;2.993;2.79;2.586;2.383
55;0;1.158;2.317;2.924;3.531;4.634;5.627;7.282;8.164;8.676;10.592;11.088;11.585;11.419;11.254;11.419;11.585;11.86;12.136;12.467;12.798;12.964;13.129;13.35;13.571;14.233;13.571;13.129;12.688;12.743;12.798;12.397;11.996;11.815;11.635;10.903;11.163;10.642;10.13;9.91;9.589;9.288;8.977;8.721;8.465;8.21;7.954;7.668;7.382;7.071;6.76;6.534;6.307;6.08;5.854;5.627;5.4;5.173;4.947;4.72;4.493;4.287;4.08;3.874;3.667;3.46;3.254;3.047;2.84;2.634;2.427
56;0;1.158;2.317;2.946;3.575;4.722;5.693;7.348;8.209;8.776;10.658;11.143;11.629;11.485;11.342;11.541;11.739;12.037;12.335;12.644;12.953;13.151;13.35;13.56;13.769;14.365;13.747;13.295;12.842;12.898;12.953;12.581;12.209;12.024;11.839;11.101;11.398;10.852;10.337;10.056;9.733;9.426;9.113;8.854;8.596;8.329;8.062;7.773;7.484;7.17;6.857;6.627;6.397;6.167;5.938;5.708;5.478;5.249;5.019;4.789;4.56;4.35;4.14;3.93;3.72;3.51;3.301;3.091;2.881;2.671;2.461
57;0;1.158;2.317;2.968;3.619;4.81;5.759;7.414;8.253;8.877;10.724;11.198;11.673;11.552;11.43;11.662;11.894;12.214;12.533;12.82;13.107;13.339;13.571;13.769;13.968;14.497;13.924;13.46;12.997;13.052;13.107;12.764;12.421;12.233;12.044;11.3;11.633;11.063;10.544;10.203;9.878;9.565;9.25;8.988;8.726;8.448;8.17;7.879;7.587;7.27;6.953;6.72;6.487;6.255;6.022;5.789;5.557;5.324;5.091;4.859;4.626;4.413;4.2;3.987;3.774;3.561;3.348;3.135;2.922;2.709;2.495
58;0;1.158;2.317;2.99;3.663;4.899;5.825;7.48;8.297;8.977;10.79;11.254;11.717;11.618;11.518;11.783;12.048;12.39;12.732;12.997;13.262;13.526;13.791;13.979;14.166;14.63;14.1;13.626;13.151;13.207;13.262;12.948;12.634;12.441;12.249;11.498;11.867;11.274;10.75;10.349;10.022;9.703;9.386;9.121;8.856;8.568;8.279;7.984;7.689;7.369;7.049;6.813;6.578;6.342;6.106;5.871;5.635;5.399;5.163;4.928;4.692;4.476;4.26;4.043;3.827;3.611;3.395;3.178;2.962;2.746;2.53
59;0;1.158;2.317;3.012;3.707;4.987;5.892;7.547;8.341;9.077;10.856;11.309;11.761;11.684;11.607;11.905;12.202;12.567;12.931;13.173;13.416;13.714;14.012;14.188;14.365;14.762;14.277;13.791;13.306;13.361;13.416;13.131;12.846;12.65;12.453;11.697;12.102;11.484;10.957;10.495;10.166;9.841;9.522;9.255;8.987;8.687;8.387;8.089;7.791;7.468;7.145;6.907;6.668;6.429;6.191;5.952;5.713;5.474;5.236;4.997;4.758;4.539;4.319;4.1;3.88;3.661;3.441;3.222;3.003;2.783;2.564
60;0;1.158;2.317;3.034;3.751;5.075;5.958;7.613;8.385;9.177;10.923;11.364;11.805;11.75;11.695;12.026;12.357;12.743;13.129;13.35;13.571;13.902;14.233;14.398;14.564;14.895;14.453;13.957;13.46;13.515;13.571;13.315;13.059;12.858;12.658;11.896;12.337;11.695;11.163;10.642;10.311;9.98;9.659;9.388;9.117;8.806;8.495;8.195;7.894;7.568;7.242;7;6.758;6.516;6.275;6.033;5.791;5.55;5.308;5.066;4.824;4.602;4.379;4.156;3.934;3.711;3.488;3.266;3.043;2.82;2.598
61;0;1.158;2.317;3.034;3.751;5.119;6.002;7.635;8.451;9.234;10.967;11.408;11.849;11.827;11.805;12.147;12.489;12.909;13.328;13.506;13.703;14.034;14.365;14.53;14.696;15.027;14.586;14.144;13.703;13.758;13.813;13.585;13.356;13.149;12.943;12.176;12.493;11.944;11.406;10.842;10.507;10.156;9.831;9.556;9.28;8.973;8.666;8.36;8.054;7.717;7.38;7.133;6.887;6.64;6.393;6.146;5.9;5.653;5.406;5.159;4.913;4.686;4.459;4.233;4.006;3.779;3.553;3.326;3.099;2.873;2.646
62;0;1.158;2.317;3.034;3.751;5.163;6.046;7.657;8.517;9.29;11.011;11.452;11.894;11.905;11.916;12.269;12.622;13.074;13.526;13.663;13.835;14.166;14.497;14.663;14.828;15.159;14.718;14.332;13.946;14.001;14.056;13.854;13.653;13.44;13.228;12.457;12.65;12.192;11.649;11.043;10.704;10.333;10.004;9.723;9.442;9.139;8.836;8.526;8.215;7.867;7.518;7.267;7.015;6.763;6.511;6.26;6.008;5.756;5.504;5.253;5.001;4.77;4.54;4.309;4.078;3.848;3.617;3.386;3.155;2.925;2.694
63;0;1.158;2.317;3.034;3.751;5.208;6.09;7.679;8.584;9.346;11.055;11.496;11.938;11.982;12.026;12.39;12.754;13.24;13.725;13.819;13.968;14.299;14.63;14.795;14.961;15.292;14.85;14.519;14.188;14.244;14.299;14.124;13.95;13.731;13.512;12.738;12.806;12.441;11.892;11.244;10.901;10.509;10.176;9.891;9.605;9.306;9.007;8.691;8.375;8.016;7.657;7.4;7.143;6.887;6.63;6.373;6.116;5.86;5.603;5.346;5.089;4.855;4.62;4.385;4.15;3.916;3.681;3.446;3.212;2.977;2.742
64;0;1.158;2.317;3.034;3.751;5.252;6.134;7.701;8.65;9.402;11.099;11.541;11.982;12.059;12.136;12.511;12.887;13.405;13.924;13.976;14.1;14.431;14.762;14.928;15.093;15.424;14.983;14.707;14.431;14.486;14.541;14.394;14.247;14.022;13.797;13.019;12.963;12.69;12.134;11.444;11.097;10.686;10.349;10.058;9.767;9.472;9.177;8.856;8.536;8.165;7.795;7.534;7.272;7.01;6.748;6.486;6.225;5.963;5.701;5.439;5.177;4.939;4.7;4.461;4.223;3.984;3.745;3.506;3.268;3.029;2.79
65;0;1.158;2.317;3.034;3.751;5.296;6.178;7.723;8.716;9.458;11.143;11.585;12.026;12.136;12.247;12.633;13.019;13.571;14.122;14.132;14.233;14.564;14.895;15.06;15.226;15.557;15.115;14.895;14.674;14.729;14.784;14.664;14.543;14.313;14.082;13.3;13.119;12.939;12.377;11.645;11.294;10.862;10.521;10.226;9.93;9.639;9.348;9.022;8.696;8.315;7.934;7.667;7.4;7.133;6.867;6.6;6.333;6.066;5.799;5.533;5.266;5.023;4.78;4.538;4.295;4.052;3.809;3.567;3.324;3.081;2.838
66;0;1.158;2.317;3.045;3.773;5.34;6.223;7.767;8.782;9.516;11.187;11.64;12.092;12.225;12.357;12.754;13.151;13.714;14.277;14.26;14.387;14.718;15.049;15.226;15.402;15.733;15.358;15.115;14.872;14.939;15.005;14.934;14.862;14.626;14.389;13.579;13.336;13.131;12.566;11.811;11.456;11.037;10.674;10.375;10.076;9.781;9.486;9.15;8.814;8.436;8.058;7.787;7.517;7.246;6.976;6.705;6.434;6.164;5.893;5.623;5.352;5.105;4.858;4.611;4.364;4.117;3.87;3.623;3.376;3.13;2.883
67;0;1.158;2.317;3.056;3.795;5.384;6.267;7.811;8.848;9.575;11.232;11.695;12.158;12.313;12.467;12.876;13.284;13.857;14.431;14.387;14.541;14.872;15.203;15.391;15.579;15.91;15.601;15.336;15.071;15.148;15.226;15.203;15.181;14.939;14.696;13.857;13.553;13.324;12.754;11.978;11.619;11.212;10.826;10.524;10.223;9.924;9.625;9.279;8.933;8.558;8.182;7.908;7.634;7.359;7.085;6.81;6.536;6.262;5.987;5.713;5.438;5.187;4.936;4.685;4.434;4.183;3.931;3.68;3.429;3.178;2.927
68;0;1.158;2.317;3.067;3.817;5.428;6.311;7.855;8.915;9.633;11.276;11.75;12.225;12.401;12.578;12.997;13.416;14.001;14.586;14.522;14.696;15.027;15.358;15.557;15.755;16.086;15.843;15.557;15.27;15.358;15.446;15.473;15.5;15.252;15.003;14.136;13.769;13.516;12.943;12.144;11.781;11.386;10.979;10.674;10.369;10.066;9.763;9.407;9.051;8.679;8.307;8.029;7.75;7.472;7.194;6.916;6.637;6.359;6.081;5.803;5.525;5.269;5.014;4.758;4.503;4.248;3.992;3.737;3.482;3.226;2.971
69;0;1.158;2.317;3.078;3.839;5.472;6.355;7.9;8.981;9.691;11.32;11.805;12.291;12.489;12.688;13.118;13.549;14.144;14.74;14.721;14.85;15.181;15.512;15.722;15.932;16.263;16.086;15.777;15.468;15.568;15.667;15.743;15.819;15.565;15.31;14.415;13.986;13.709;13.131;12.311;11.944;11.561;11.131;10.823;10.515;10.209;9.902;9.536;9.169;8.8;8.431;8.149;7.867;7.585;7.303;7.021;6.739;6.457;6.175;5.893;5.611;5.351;5.092;4.832;4.572;4.313;4.053;3.794;3.534;3.275;3.015
70;0;1.158;2.317;3.089;3.862;5.517;6.399;7.944;9.047;9.749;11.364;11.86;12.357;12.578;12.798;13.24;13.681;14.288;14.895;14.92;15.005;15.336;15.667;15.888;16.108;16.439;16.329;15.998;15.667;15.777;15.888;16.013;16.138;15.877;15.617;14.694;14.202;13.902;13.32;12.477;12.106;11.735;11.284;10.973;10.662;10.351;10.04;9.664;9.288;8.922;8.556;8.27;7.984;7.698;7.412;7.126;6.84;6.555;6.269;5.983;5.697;5.433;5.169;4.906;4.642;4.378;4.114;3.851;3.587;3.323;3.059
71;0;1.158;2.317;3.1;3.884;5.561;6.443;7.966;9.091;9.793;11.386;11.883;12.389;12.675;12.962;13.426;13.891;14.489;15.087;15.115;15.198;15.53;15.862;16.128;16.394;16.638;16.616;16.283;15.951;16.062;16.173;16.306;16.438;16.182;15.925;14.974;14.501;14.108;13.51;12.652;12.267;11.876;11.438;11.115;10.792;10.478;10.164;9.784;9.404;9.028;8.652;8.363;8.075;7.786;7.497;7.209;6.92;6.631;6.343;6.054;5.765;5.499;5.232;4.965;4.699;4.432;4.166;3.899;3.632;3.366;3.099
72;0;1.158;2.317;3.111;3.906;5.605;6.487;7.988;9.135;9.837;11.408;11.905;12.421;12.773;13.126;13.613;14.102;14.691;15.281;15.312;15.392;15.725;16.059;16.371;16.682;16.838;16.904;16.571;16.237;16.348;16.459;16.6;16.741;16.488;16.235;15.256;14.802;14.315;13.701;12.827;12.427;12.016;11.593;11.258;10.923;10.606;10.289;9.905;9.52;9.134;8.748;8.457;8.165;7.874;7.582;7.291;6.999;6.708;6.416;6.125;5.833;5.564;5.295;5.025;4.756;4.486;4.217;3.948;3.678;3.409;3.139
73;0;1.158;2.317;3.122;3.928;5.649;6.532;8.01;9.179;9.882;11.43;11.927;12.453;12.871;13.29;13.801;14.314;14.895;15.475;15.51;15.587;15.922;16.257;16.614;16.971;17.038;17.195;16.86;16.525;16.636;16.748;16.896;17.044;16.796;16.547;15.54;15.104;14.523;13.892;13.002;12.588;12.156;11.747;11.4;11.053;10.733;10.413;10.025;9.637;9.241;8.844;8.55;8.256;7.962;7.667;7.373;7.079;6.784;6.49;6.196;5.902;5.629;5.357;5.085;4.813;4.541;4.268;3.996;3.724;3.452;3.18
74;0;1.158;2.317;3.133;3.95;5.693;6.576;8.032;9.224;9.926;11.452;11.949;12.485;12.969;13.456;13.99;14.528;15.099;15.671;15.709;15.783;16.119;16.456;16.859;17.263;17.24;17.487;17.151;16.814;16.926;17.038;17.194;17.35;17.106;16.861;15.826;15.408;14.732;14.083;13.177;12.748;12.297;11.902;11.543;11.183;10.86;10.538;10.145;9.753;9.347;8.941;8.644;8.347;8.049;7.752;7.455;7.158;6.861;6.564;6.267;5.97;5.695;5.42;5.145;4.87;4.595;4.32;4.045;3.77;3.495;3.22
75;0;1.158;2.317;3.144;3.972;5.737;6.62;8.054;9.268;9.97;11.474;11.971;12.517;13.067;13.622;14.18;14.742;15.305;15.868;15.909;15.98;16.318;16.655;17.106;17.556;17.443;17.781;17.443;17.106;17.218;17.331;17.494;17.658;17.418;17.177;16.113;15.714;14.941;14.276;13.353;12.909;12.437;12.056;11.685;11.314;10.988;10.662;10.266;9.87;9.453;9.037;8.737;8.437;8.137;7.837;7.538;7.238;6.938;6.638;6.338;6.038;5.76;5.482;5.205;4.927;4.649;4.371;4.093;3.815;3.538;3.26
76;0;1.158;2.317;3.155;3.994;5.781;6.686;8.076;9.29;10.024;11.496;12.004;12.571;13.166;13.766;14.337;14.913;15.489;16.065;16.111;16.166;16.5;16.834;17.342;17.851;17.67;18.076;17.749;17.421;17.523;17.625;17.752;17.879;17.635;17.39;16.32;15.984;15.131;14.45;13.511;13.053;12.578;12.192;11.818;11.444;11.114;10.784;10.385;9.986;9.56;9.133;8.83;8.528;8.225;7.922;7.619;7.316;7.013;6.71;6.407;6.104;5.823;5.542;5.261;4.979;4.698;4.417;4.136;3.854;3.573;3.292
77;0;1.158;2.317;3.166;4.016;5.825;6.752;8.098;9.312;10.078;11.518;12.037;12.626;13.265;13.911;14.495;15.085;15.675;16.264;16.314;16.363;16.683;17.013;17.58;18.147;17.898;18.374;18.056;17.739;17.83;17.92;18.011;18.102;17.853;17.605;16.528;16.256;15.322;14.625;13.669;13.197;12.718;12.329;11.952;11.575;11.241;10.907;10.504;10.102;9.666;9.23;8.924;8.618;8.312;8.006;7.7;7.394;7.088;6.782;6.476;6.17;5.886;5.601;5.317;5.032;4.747;4.463;4.178;3.893;3.609;3.324
78;0;1.158;2.317;3.178;4.038;5.87;6.818;8.12;9.334;10.132;11.541;12.07;12.68;13.364;14.056;14.654;15.257;15.861;16.464;16.518;16.572;16.867;17.193;17.819;18.445;18.127;18.673;18.366;18.058;18.138;18.218;18.272;18.325;18.073;17.82;16.738;16.529;15.514;14.801;13.827;13.342;12.858;12.465;12.085;11.705;11.367;11.029;10.624;10.219;9.772;9.326;9.017;8.708;8.399;8.09;7.781;7.472;7.163;6.855;6.546;6.237;5.949;5.661;5.372;5.084;4.796;4.508;4.22;3.932;3.644;3.356
79;0;1.158;2.317;3.189;4.06;5.914;6.885;8.142;9.356;10.186;11.563;12.103;12.735;13.464;14.202;14.813;15.431;16.048;16.665;16.723;16.782;17.052;17.374;18.06;18.746;18.357;18.974;18.677;18.38;18.448;18.517;18.534;18.55;18.293;18.037;16.948;16.803;15.706;14.977;13.986;13.486;12.999;12.602;12.219;11.835;11.493;11.151;10.743;10.335;9.879;9.422;9.11;8.798;8.486;8.174;7.863;7.551;7.239;6.927;6.615;6.303;6.011;5.72;5.428;5.137;4.845;4.554;4.263;3.971;3.68;3.388
80;0;1.158;2.317;3.2;4.082;5.958;6.951;8.164;9.378;10.241;11.585;12.136;12.789;13.564;14.348;14.973;15.605;16.236;16.867;16.93;16.992;17.238;17.556;18.302;19.047;18.588;19.277;18.99;18.703;18.761;18.818;18.797;18.776;18.515;18.255;17.159;17.079;15.899;15.153;14.144;13.631;13.139;12.738;12.352;11.966;11.62;11.274;10.862;10.451;9.985;9.518;9.204;8.889;8.574;8.259;7.944;7.629;7.314;6.999;6.684;6.369;6.074;5.779;5.484;5.19;4.895;4.6;4.305;4.01;3.715;3.42
81;0;1.158;2.317;3.2;4.082;6.024;6.995;8.209;9.4;10.289;11.585;12.169;12.856;13.631;14.416;15.064;15.72;16.374;17.028;17.075;17.122;17.362;17.739;18.462;19.185;18.772;19.46;19.197;18.933;18.99;19.047;18.989;18.931;18.667;18.403;17.305;17.199;16.076;15.324;14.292;13.755;13.28;12.858;12.476;12.094;11.738;11.382;10.968;10.554;10.091;9.629;9.31;8.99;8.671;8.352;8.033;7.714;7.395;7.076;6.756;6.437;6.139;5.841;5.544;5.246;4.948;4.65;4.352;4.054;3.756;3.458
82;0;1.158;2.317;3.2;4.082;6.09;7.039;8.253;9.422;10.337;11.585;12.202;12.923;13.698;14.484;15.155;15.835;16.512;17.189;17.22;17.251;17.512;17.923;18.623;19.323;18.956;19.644;19.403;19.162;19.219;19.277;19.181;19.085;18.818;18.551;17.451;17.319;16.252;15.496;14.439;13.88;13.42;12.979;12.601;12.223;11.856;11.49;11.073;10.656;10.198;9.739;9.416;9.092;8.769;8.446;8.122;7.799;7.476;7.152;6.829;6.505;6.205;5.904;5.603;5.302;5.001;4.7;4.399;4.098;3.797;3.496
83;0;1.158;2.317;3.2;4.082;6.156;7.083;8.297;9.444;10.385;11.585;12.236;12.99;13.765;14.552;15.246;15.949;16.649;17.349;17.365;17.38;17.683;18.106;18.783;19.46;19.139;19.828;19.61;19.392;19.449;19.506;19.373;19.239;18.969;18.699;17.597;17.439;16.429;15.667;14.587;14.004;13.561;13.099;12.725;12.351;11.975;11.599;11.178;10.758;10.304;9.849;9.522;9.194;8.867;8.539;8.212;7.884;7.556;7.229;6.901;6.574;6.27;5.966;5.662;5.358;5.054;4.75;4.446;4.142;3.838;3.535
84;0;1.158;2.317;3.2;4.082;6.223;7.127;8.341;9.466;10.433;11.585;12.269;13.056;13.833;14.619;15.337;16.064;16.787;17.51;17.51;17.51;17.854;18.29;18.944;19.598;19.323;20.011;19.816;19.621;19.678;19.736;19.565;19.394;19.12;18.847;17.743;17.559;16.606;15.838;14.735;14.128;13.701;13.22;12.849;12.479;12.093;11.707;11.284;10.86;10.41;9.96;9.628;9.296;8.964;8.633;8.301;7.969;7.637;7.305;6.974;6.642;6.335;6.028;5.721;5.414;5.107;4.8;4.493;4.187;3.88;3.573
85;0;1.158;2.317;3.2;4.082;6.289;7.171;8.385;9.488;10.481;11.585;12.302;13.123;13.9;14.687;15.428;16.179;16.925;17.67;17.655;17.639;18.025;18.474;19.105;19.736;19.506;20.195;20.023;19.851;19.908;19.965;19.757;19.548;19.272;18.995;17.89;17.679;16.782;16.009;14.882;14.253;13.841;13.34;12.974;12.608;12.212;11.815;11.389;10.963;10.516;10.07;9.734;9.398;9.062;8.726;8.39;8.054;7.718;7.382;7.046;6.71;6.4;6.09;5.78;5.47;5.16;4.851;4.541;4.231;3.921;3.611
86;0;1.158;2.317;3.211;4.104;6.311;7.238;8.407;9.555;10.503;11.585;12.313;13.145;13.945;14.755;15.508;16.271;17.028;17.785;17.802;17.819;18.195;18.634;19.242;19.851;19.69;20.332;20.183;20.034;20.103;20.172;19.927;19.682;19.402;19.122;18.013;17.781;16.899;16.123;14.993;14.361;13.946;13.442;13.066;12.69;12.299;11.908;11.479;11.051;10.595;10.138;9.8;9.462;9.124;8.786;8.448;8.11;7.772;7.434;7.096;6.758;6.446;6.134;5.822;5.51;5.199;4.887;4.575;4.263;3.951;3.639
87;0;1.158;2.317;3.222;4.126;6.333;7.304;8.429;9.621;10.525;11.585;12.324;13.168;13.989;14.823;15.588;16.362;17.131;17.9;17.949;17.998;18.365;18.795;19.38;19.965;19.874;20.47;20.344;20.218;20.298;20.378;20.097;19.815;19.532;19.25;18.136;17.882;17.017;16.238;15.105;14.469;14.05;13.545;13.158;12.772;12.386;12;11.57;11.139;10.673;10.207;9.867;9.526;9.186;8.846;8.506;8.166;7.826;7.486;7.146;6.806;6.492;6.178;5.865;5.551;5.237;4.923;4.609;4.295;3.981;3.667
88;0;1.158;2.317;3.233;4.148;6.355;7.37;8.451;9.687;10.548;11.585;12.335;13.19;14.034;14.89;15.667;16.454;17.234;18.015;18.096;18.177;18.535;18.956;19.518;20.08;20.057;20.608;20.505;20.401;20.493;20.585;20.267;19.949;19.663;19.377;18.259;17.984;17.134;16.352;15.216;14.578;14.154;13.647;13.251;12.854;12.473;12.092;11.66;11.228;10.751;10.275;9.933;9.591;9.249;8.907;8.565;8.223;7.881;7.539;7.197;6.855;6.539;6.223;5.907;5.591;5.275;4.959;4.643;4.327;4.011;3.695
89;0;1.158;2.317;3.244;4.17;6.377;7.436;8.473;9.753;10.57;11.585;12.346;13.212;14.079;14.958;15.747;16.546;17.338;18.129;18.243;18.357;18.705;19.116;19.656;20.195;20.241;20.746;20.665;20.585;20.688;20.791;20.437;20.082;19.793;19.504;18.382;18.085;17.251;16.466;15.327;14.686;14.259;13.749;13.343;12.937;12.561;12.184;11.75;11.316;10.829;10.343;9.999;9.655;9.311;8.967;8.623;8.279;7.935;7.591;7.247;6.903;6.585;6.267;5.949;5.631;5.313;4.995;4.677;4.359;4.041;3.723
90;0;1.158;2.317;3.255;4.193;6.399;7.502;8.495;9.819;10.592;11.585;12.357;13.234;14.124;15.026;15.827;16.638;17.441;18.244;18.39;18.536;18.875;19.277;19.793;20.31;20.424;20.883;20.826;20.769;20.883;20.998;20.607;20.216;19.924;19.632;18.505;18.187;17.368;16.58;15.438;14.794;14.363;13.851;13.435;13.019;12.648;12.277;11.84;11.404;10.908;10.411;10.065;9.719;9.373;9.027;8.681;8.335;7.989;7.643;7.297;6.951;6.631;6.311;5.991;5.671;5.351;5.031;4.711;4.391;4.071;3.751
91;0;1.158;2.317;3.266;4.215;6.443;7.525;8.54;9.841;10.592;11.541;12.346;13.257;14.146;15.049;15.895;16.753;17.556;18.359;18.54;18.722;19.037;19.39;19.872;20.355;20.585;20.998;20.964;20.929;21.044;21.159;20.753;20.347;20.053;19.759;18.609;18.249;17.427;16.619;15.493;14.848;14.397;13.904;13.485;13.067;12.688;12.309;11.871;11.432;10.943;10.453;10.105;9.757;9.409;9.06;8.712;8.364;8.016;7.667;7.319;6.971;6.65;6.329;6.009;5.688;5.367;5.046;4.726;4.405;4.084;3.763
92;0;1.158;2.317;3.277;4.237;6.487;7.547;8.584;9.864;10.592;11.496;12.335;13.279;14.169;15.071;15.963;16.867;17.67;18.474;18.691;18.908;19.199;19.502;19.952;20.401;20.746;21.113;21.101;21.09;21.205;21.319;20.899;20.479;20.182;19.886;18.714;18.311;17.487;16.657;15.548;14.903;14.431;13.956;13.535;13.115;12.728;12.341;11.901;11.46;10.978;10.495;10.145;9.794;9.444;9.094;8.743;8.393;8.042;7.692;7.341;6.991;6.669;6.348;6.026;5.705;5.383;5.062;4.74;4.418;4.097;3.775
93;0;1.158;2.317;3.288;4.259;6.532;7.569;8.628;9.886;10.592;11.452;12.324;13.301;14.191;15.094;16.032;16.982;17.785;18.588;18.841;19.093;19.36;19.627;20.031;20.447;20.906;21.227;21.239;21.25;21.365;21.48;21.045;20.61;20.312;20.013;18.818;18.373;17.546;16.696;15.602;14.957;14.465;14.008;13.586;13.163;12.768;12.373;11.931;11.488;11.013;10.538;10.185;9.832;9.48;9.127;8.774;8.422;8.069;7.716;7.364;7.011;6.689;6.366;6.044;5.722;5.399;5.077;4.754;4.432;4.11;3.787
94;0;1.158;2.317;3.299;4.281;6.576;7.591;8.672;9.908;10.592;11.408;12.313;13.323;14.214;15.116;16.1;17.097;17.9;18.703;18.991;19.279;19.522;19.765;20.11;20.493;21.067;21.342;21.377;21.411;21.526;21.641;21.191;20.741;20.441;20.141;18.922;18.435;17.606;16.735;15.657;15.011;14.499;14.06;13.636;13.212;12.808;12.405;11.961;11.516;11.048;10.58;10.225;9.87;9.515;9.16;8.805;8.45;8.096;7.741;7.386;7.031;6.708;6.385;6.062;5.738;5.415;5.092;4.769;4.446;4.123;3.799
95;0;1.158;2.317;3.31;4.303;6.62;7.613;8.716;9.93;10.592;11.364;12.302;13.346;14.236;15.139;16.168;17.211;18.015;18.818;19.141;19.465;19.684;19.903;20.19;20.539;21.227;21.457;21.514;21.572;21.686;21.801;21.337;20.873;20.57;20.268;19.027;18.497;17.666;16.774;15.711;15.065;14.533;14.112;13.686;13.26;12.848;12.437;11.991;11.545;11.083;10.622;10.265;9.908;9.551;9.193;8.836;8.479;8.122;7.765;7.408;7.051;6.727;6.403;6.079;5.755;5.431;5.107;4.783;4.459;4.135;3.811
96;0;1.158;2.317;3.31;4.303;6.642;7.591;8.716;9.93;10.592;11.386;12.324;13.368;14.27;15.184;16.248;17.326;18.106;18.887;19.257;19.627;19.81;19.992;20.282;20.677;21.319;21.549;21.618;21.686;21.801;21.916;21.483;21.05;20.745;20.439;19.193;18.557;17.725;16.831;15.75;15.117;14.588;14.146;13.72;13.294;12.889;12.483;12.036;11.589;11.119;10.65;10.292;9.934;9.576;9.218;8.859;8.501;8.143;7.785;7.427;7.069;6.744;6.42;6.095;5.77;5.445;5.121;4.796;4.471;4.146;3.821
97;0;1.158;2.317;3.31;4.303;6.664;7.569;8.716;9.93;10.592;11.408;12.346;13.39;14.303;15.229;16.328;17.441;18.198;18.956;19.373;19.79;19.936;20.082;20.396;20.814;21.411;21.641;21.721;21.801;21.916;22.031;21.629;21.227;20.919;20.61;19.36;18.617;17.785;16.888;15.788;15.169;14.642;14.18;13.754;13.328;12.929;12.529;12.081;11.633;11.155;10.678;10.319;9.96;9.601;9.242;8.883;8.523;8.164;7.805;7.446;7.087;6.762;6.436;6.11;5.785;5.459;5.134;4.808;4.483;4.157;3.831
98;0;1.158;2.317;3.31;4.303;6.686;7.547;8.716;9.93;10.592;11.43;12.368;13.412;14.337;15.275;16.407;17.556;18.29;19.024;19.489;19.953;20.062;20.172;20.51;20.952;21.503;21.732;21.824;21.916;22.031;22.145;21.775;21.405;21.093;20.781;19.527;18.677;17.844;16.945;15.827;15.222;14.696;14.215;13.788;13.362;12.969;12.576;12.126;11.677;11.191;10.706;10.346;9.986;9.626;9.266;8.906;8.546;8.185;7.825;7.465;7.105;6.779;6.452;6.126;5.8;5.473;5.147;4.821;4.494;4.168;3.841
99;0;1.158;2.317;3.31;4.303;6.708;7.525;8.716;9.93;10.592;11.452;12.39;13.434;14.371;15.32;16.487;17.67;18.382;19.093;19.604;20.116;20.189;20.262;20.624;21.09;21.595;21.824;21.927;22.031;22.145;22.26;21.921;21.582;21.267;20.952;19.694;18.737;17.904;17.002;15.865;15.274;14.75;14.249;13.822;13.396;13.009;12.622;12.171;11.721;11.228;10.734;10.373;10.012;9.651;9.29;8.929;8.568;8.207;7.845;7.484;7.123;6.796;6.469;6.142;5.815;5.487;5.16;4.833;4.506;4.179;3.852
100;0;1.158;2.317;3.31;4.303;6.73;7.502;8.716;9.93;10.592;11.474;12.412;13.457;14.404;15.365;16.567;17.785;18.474;19.162;19.72;20.278;20.315;20.351;20.737;21.227;21.686;21.916;22.031;22.145;22.26;22.375;22.067;21.759;21.441;21.123;19.861;18.797;17.963;17.059;15.903;15.326;14.804;14.283;13.856;13.43;13.049;12.668;12.217;11.765;11.264;10.762;10.4;10.038;9.676;9.314;8.952;8.59;8.228;7.866;7.503;7.141;6.813;6.485;6.157;5.829;5.501;5.173;4.845;4.518;4.19;3.862
101;0;1.158;2.317;3.31;4.303;6.752;7.525;8.716;9.908;10.592;11.43;12.39;13.457;14.415;15.388;16.589;17.808;18.508;19.208;19.801;20.393;20.418;20.443;20.806;21.273;21.732;21.962;22.077;22.191;22.306;22.421;22.134;21.847;21.528;21.209;19.944;18.857;18.021;17.116;15.958;15.362;14.838;14.333;13.906;13.478;13.088;12.698;12.247;11.795;11.292;10.788;10.426;10.063;9.7;9.338;8.975;8.612;8.249;7.887;7.524;7.161;6.833;6.504;6.175;5.846;5.518;5.189;4.86;4.531;4.202;3.874
102;0;1.158;2.317;3.31;4.303;6.774;7.547;8.716;9.886;10.592;11.386;12.368;13.457;14.427;15.41;16.612;17.831;18.543;19.254;19.881;20.508;20.521;20.535;20.875;21.319;21.778;22.008;22.122;22.237;22.352;22.467;22.201;21.935;21.614;21.294;20.028;18.917;18.079;17.173;16.013;15.398;14.872;14.383;13.955;13.526;13.127;12.728;12.277;11.825;11.32;10.814;10.451;10.088;9.724;9.361;8.998;8.635;8.271;7.908;7.545;7.181;6.852;6.522;6.193;5.863;5.534;5.204;4.874;4.545;4.215;3.886
103;0;1.158;2.317;3.31;4.303;6.796;7.569;8.716;9.864;10.592;11.342;12.346;13.457;14.438;15.433;16.635;17.854;18.577;19.3;19.961;20.622;20.625;20.627;20.944;21.365;21.824;22.054;22.168;22.283;22.398;22.513;22.267;22.022;21.701;21.38;20.111;18.977;18.136;17.23;16.067;15.434;14.907;14.433;14.004;13.575;13.166;12.758;12.307;11.855;11.348;10.84;10.477;10.113;9.749;9.385;9.021;8.657;8.293;7.929;7.565;7.202;6.871;6.541;6.21;5.88;5.55;5.219;4.889;4.558;4.228;3.898
104;0;1.158;2.317;3.31;4.303;6.818;7.591;8.716;9.841;10.592;11.298;12.324;13.457;14.449;15.455;16.658;17.877;18.611;19.346;20.041;20.737;20.728;20.718;21.013;21.411;21.87;22.1;22.214;22.329;22.444;22.559;22.334;22.11;21.788;21.465;20.195;19.037;18.194;17.287;16.122;15.47;14.941;14.483;14.053;13.623;13.205;12.788;12.337;11.886;11.376;10.867;10.502;10.138;9.773;9.409;9.044;8.68;8.315;7.951;7.586;7.222;6.89;6.559;6.228;5.897;5.566;5.234;4.903;4.572;4.241;3.91
105;0;1.158;2.317;3.31;4.303;6.84;7.613;8.716;9.819;10.592;11.254;12.302;13.457;14.46;15.478;16.681;17.9;18.646;19.392;20.122;20.852;20.831;20.81;21.081;21.457;21.916;22.145;22.26;22.375;22.49;22.604;22.401;22.198;21.874;21.551;20.278;19.098;18.251;17.344;16.176;15.506;14.975;14.533;14.102;13.671;13.245;12.818;12.367;11.916;11.404;10.893;10.527;10.162;9.797;9.432;9.067;8.702;8.337;7.972;7.607;7.242;6.91;6.578;6.246;5.914;5.582;5.25;4.918;4.586;4.254;3.922
106;0;1.158;2.317;3.321;4.325;6.863;7.613;8.65;9.797;10.57;11.254;12.28;13.412;14.449;15.501;16.703;17.923;18.692;19.46;20.168;20.875;20.888;20.902;21.162;21.499;21.916;22.191;22.295;22.398;22.513;22.627;22.434;22.241;21.917;21.593;20.32;19.139;18.251;17.363;16.195;15.524;14.993;14.533;14.11;13.687;13.261;12.834;12.382;11.93;11.418;10.907;10.541;10.176;9.81;9.445;9.079;8.714;8.348;7.983;7.617;7.252;6.919;6.586;6.253;5.92;5.587;5.254;4.921;4.588;4.255;3.922
107;0;1.158;2.317;3.332;4.347;6.885;7.613;8.584;9.775;10.548;11.254;12.258;13.368;14.438;15.523;16.726;17.946;18.738;19.529;20.214;20.898;20.946;20.994;21.242;21.54;21.916;22.237;22.329;22.421;22.536;22.65;22.468;22.285;21.96;21.634;20.362;19.18;18.251;17.381;16.213;15.542;15.011;14.533;14.118;13.703;13.277;12.85;12.397;11.944;11.432;10.921;10.555;10.189;9.823;9.457;9.091;8.725;8.359;7.994;7.628;7.262;6.928;6.594;6.26;5.926;5.592;5.258;4.924;4.59;4.256;3.922
108;0;1.158;2.317;3.343;4.369;6.907;7.613;8.517;9.753;10.525;11.254;12.236;13.323;14.427;15.546;16.749;17.969;18.783;19.598;20.259;20.921;21.003;21.086;21.322;21.582;21.916;22.283;22.363;22.444;22.559;22.673;22.501;22.329;22.003;21.676;20.403;19.222;18.251;17.399;16.231;15.561;15.029;14.533;14.126;13.719;13.293;12.866;12.412;11.958;11.446;10.935;10.568;10.202;9.836;9.47;9.103;8.737;8.371;8.004;7.638;7.272;6.937;6.602;6.267;5.932;5.597;5.262;4.927;4.592;4.257;3.922
109;0;1.158;2.317;3.354;4.391;6.929;7.613;8.451;9.731;10.503;11.254;12.214;13.279;14.415;15.568;16.772;17.992;18.829;19.667;20.305;20.944;21.061;21.177;21.403;21.628;21.916;22.329;22.398;22.467;22.581;22.696;22.535;22.373;22.045;21.718;20.445;19.263;18.251;17.418;16.249;15.579;15.047;14.533;14.134;13.735;13.309;12.883;12.427;11.972;11.46;10.949;10.582;10.215;9.849;9.482;9.115;8.749;8.382;8.015;7.648;7.282;6.946;6.61;6.274;5.938;5.602;5.266;4.93;4.594;4.258;3.922
110;0;1.158;2.317;3.365;4.413;6.951;7.613;8.385;9.709;10.481;11.254;12.191;13.234;14.404;15.591;16.794;18.015;18.875;19.736;20.351;20.967;21.118;21.269;21.483;21.697;21.916;22.375;22.432;22.49;22.604;22.719;22.568;22.417;22.088;21.759;20.487;19.305;18.251;17.436;16.267;15.597;15.065;14.533;14.142;13.751;13.325;12.899;12.442;11.986;11.474;10.963;10.596;10.229;9.861;9.494;9.127;8.76;8.393;8.026;7.659;7.292;6.955;6.618;6.281;5.944;5.607;5.27;4.933;4.596;4.259;3.922
111;0;1.146;2.293;3.353;4.413;6.929;7.613;8.363;9.665;10.459;11.276;12.202;13.234;14.404;15.591;16.772;17.969;18.875;19.782;20.363;20.944;21.106;21.269;21.493;21.718;21.864;22.421;22.444;22.467;22.581;22.696;22.568;22.44;22.11;21.78;20.508;19.305;18.292;17.454;16.286;15.615;15.083;14.568;14.167;13.767;13.341;12.915;12.457;12;11.488;10.977;10.609;10.242;9.874;9.507;9.139;8.772;8.404;8.037;7.669;7.302;6.965;6.628;6.291;5.954;5.617;5.28;4.943;4.606;4.269;3.932
112;0;1.134;2.269;3.341;4.413;6.907;7.613;8.341;9.621;10.437;11.298;12.214;13.234;14.404;15.591;16.749;17.923;18.875;19.828;20.374;20.921;21.095;21.269;21.504;21.739;21.812;22.467;22.455;22.444;22.559;22.673;22.568;22.463;22.132;21.801;20.529;19.305;18.333;17.473;16.304;15.633;15.101;14.602;14.192;13.783;13.357;12.931;12.472;12.014;11.502;10.991;10.623;10.255;9.887;9.519;9.151;8.783;8.416;8.048;7.68;7.312;6.975;6.638;6.301;5.964;5.627;5.29;4.953;4.616;4.279;3.942
113;0;1.122;2.245;3.329;4.413;6.885;7.613;8.319;9.577;10.415;11.32;12.225;13.234;14.404;15.591;16.726;17.877;18.875;19.874;20.386;20.898;21.084;21.269;21.514;21.759;21.759;22.513;22.467;22.421;22.536;22.65;22.568;22.485;22.154;21.822;20.549;19.305;18.374;17.491;16.322;15.651;15.119;14.636;14.218;13.799;13.373;12.947;12.487;12.028;11.516;11.005;10.637;10.268;9.9;9.532;9.163;8.795;8.427;8.059;7.69;7.322;6.985;6.648;6.311;5.974;5.637;5.3;4.963;4.626;4.289;3.952
114;0;1.112;2.225;3.317;4.413;6.863;7.613;8.297;9.533;10.393;11.342;12.236;13.234;14.404;15.591;16.703;17.831;18.875;19.919;20.397;20.875;21.072;21.269;21.525;21.78;21.707;22.559;22.478;22.398;22.513;22.627;22.568;22.508;22.176;21.843;20.57;19.305;18.415;17.509;16.34;15.669;15.137;14.67;14.243;13.815;13.389;12.963;12.502;12.042;11.53;11.019;10.65;10.282;9.913;9.544;9.175;8.807;8.438;8.069;7.701;7.332;6.995;6.658;6.321;5.984;5.647;5.31;4.973;4.636;4.299;3.962
115;0;1.103;2.207;3.31;4.413;6.84;7.613;8.275;9.488;10.371;11.364;12.247;13.234;14.404;15.591;16.681;17.785;18.875;19.965;20.409;20.852;21.061;21.269;21.535;21.801;21.655;22.604;22.49;22.375;22.49;22.604;22.568;22.531;22.198;21.864;20.591;19.305;18.456;17.528;16.358;15.687;15.155;14.704;14.268;13.831;13.405;12.979;12.517;12.056;11.545;11.033;10.664;10.295;9.926;9.557;9.187;8.818;8.449;8.08;7.711;7.342;7.005;6.668;6.331;5.994;5.657;5.32;4.983;4.646;4.309;3.972
116;0;1.092;2.185;3.299;4.413;6.766;7.585;8.251;9.444;10.327;11.298;12.214;13.234;14.415;15.614;16.635;17.67;18.806;19.942;20.409;20.875;21.038;21.2;21.535;21.87;21.626;22.65;22.513;22.375;22.49;22.604;22.546;22.488;22.155;21.822;20.549;19.284;18.456;17.528;16.358;15.687;15.171;14.704;14.268;13.831;13.412;12.993;12.524;12.056;11.545;11.033;10.665;10.296;9.928;9.56;9.191;8.823;8.455;8.087;7.718;7.35;7.012;6.674;6.337;5.999;5.661;5.323;4.985;4.648;4.31;3.972
117;0;1.081;2.162;3.288;4.413;6.692;7.557;8.227;9.4;10.283;11.232;12.18;13.234;14.427;15.636;16.589;17.556;18.738;19.919;20.409;20.898;21.015;21.132;21.535;21.939;21.607;22.696;22.536;22.375;22.49;22.604;22.524;22.444;22.112;21.78;20.508;19.263;18.456;17.528;16.358;15.687;15.187;14.704;14.268;13.831;13.419;13.007;12.531;12.056;11.545;11.033;10.666;10.298;9.931;9.563;9.196;8.828;8.461;8.093;7.726;7.358;7.019;6.681;6.342;6.004;5.665;5.326;4.988;4.649;4.31;3.972
118;0;1.07;2.14;3.277;4.413;6.618;7.535;8.203;9.356;10.239;11.165;12.147;13.234;14.438;15.659;16.544;17.441;18.669;19.896;20.409;20.921;20.992;21.063;21.535;22.008;21.63;22.742;22.559;22.375;22.49;22.604;22.502;22.4;22.069;21.739;20.466;19.242;18.456;17.528;16.358;15.687;15.203;14.704;14.268;13.831;13.426;13.021;12.539;12.056;11.545;11.033;10.666;10.3;9.933;9.566;9.2;8.833;8.466;8.099;7.733;7.366;7.027;6.687;6.348;6.008;5.669;5.33;4.99;4.651;4.311;3.972
119;0;1.059;2.118;3.266;4.413;6.544;7.518;8.178;9.312;10.194;11.099;12.114;13.234;14.449;15.681;16.498;17.326;18.6;19.874;20.409;20.944;20.969;20.994;21.535;22.077;21.653;22.788;22.581;22.375;22.49;22.604;22.48;22.356;22.027;21.697;20.424;19.222;18.456;17.528;16.358;15.687;15.22;14.704;14.268;13.831;13.433;13.035;12.546;12.056;11.545;11.033;10.667;10.301;9.935;9.569;9.204;8.838;8.472;8.106;7.74;7.374;7.034;6.694;6.353;6.013;5.673;5.333;4.993;4.652;4.312;3.972
120;0;1.048;2.096;3.255;4.413;6.469;7.502;8.164;9.268;10.15;11.033;12.081;13.234;14.46;15.704;16.453;17.211;18.531;19.851;20.409;20.967;20.946;20.925;21.535;22.145;21.676;22.834;22.604;22.375;22.49;22.604;22.458;22.312;21.984;21.655;20.383;19.201;18.456;17.528;16.358;15.687;15.236;14.704;14.268;13.831;13.44;13.049;12.553;12.056;11.545;11.033;10.668;10.303;9.938;9.573;9.208;8.842;8.477;8.112;7.747;7.382;7.041;6.7;6.359;6.018;5.677;5.336;4.995;4.654;4.313;3.972
121;0;1.015;2.03;3.222;4.413;6.383;7.458;8.12;9.224;10.128;11.023;12.086;13.255;14.459;15.681;16.396;17.12;18.439;19.759;20.34;20.921;20.888;20.856;21.478;22.1;21.699;22.853;22.591;22.329;22.444;22.559;22.414;22.269;21.94;21.611;20.341;19.18;18.456;17.528;16.358;15.687;15.22;14.704;14.268;13.831;13.433;13.035;12.546;12.056;11.545;11.033;10.667;10.301;9.935;9.569;9.204;8.838;8.472;8.106;7.74;7.374;7.034;6.694;6.353;6.013;5.673;5.333;4.993;4.652;4.312;3.972
122;0;0.982;1.964;3.189;4.413;6.297;7.414;8.076;9.179;10.106;11.021;12.091;13.275;14.458;15.659;16.339;17.028;18.347;19.667;20.271;20.875;20.831;20.787;21.42;22.054;21.722;22.871;22.577;22.283;22.398;22.513;22.369;22.225;21.896;21.568;20.299;19.16;18.456;17.528;16.358;15.687;15.203;14.704;14.268;13.831;13.426;13.021;12.539;12.056;11.545;11.033;10.666;10.3;9.933;9.566;9.2;8.833;8.466;8.099;7.733;7.366;7.027;6.687;6.348;6.008;5.669;5.33;4.99;4.651;4.311;3.972
123;0;0.949;1.898;3.155;4.413;6.211;7.37;8.032;9.135;10.084;11.025;12.096;13.295;14.457;15.636;16.282;16.936;18.256;19.575;20.202;20.829;20.774;20.718;21.363;22.008;21.745;22.89;22.564;22.237;22.352;22.467;22.324;22.181;21.852;21.524;20.257;19.139;18.456;17.528;16.358;15.687;15.187;14.704;14.268;13.831;13.419;13.007;12.531;12.056;11.545;11.033;10.666;10.298;9.931;9.563;9.196;8.828;8.461;8.093;7.726;7.358;7.019;6.681;6.342;6.004;5.665;5.326;4.988;4.649;4.31;3.972
124;0;0.916;1.831;3.122;4.413;6.124;7.326;7.988;9.091;10.062;11.029;12.101;13.315;14.456;15.614;16.225;16.844;18.164;19.483;20.133;20.783;20.716;20.65;21.306;21.962;21.768;22.909;22.55;22.191;22.306;22.421;22.279;22.137;21.809;21.48;20.216;19.118;18.456;17.528;16.358;15.687;15.171;14.704;14.268;13.831;13.412;12.993;12.524;12.056;11.545;11.033;10.665;10.296;9.928;9.56;9.191;8.823;8.455;8.087;7.718;7.35;7.012;6.674;6.337;5.999;5.661;5.323;4.985;4.648;4.31;3.972
125;0;0.883;1.765;3.089;4.413;6.038;7.282;7.944;9.047;10.04;11.033;12.136;13.346;14.455;15.591;16.168;16.753;18.072;19.392;20.064;20.737;20.659;20.581;21.248;21.916;21.791;22.928;22.537;22.145;22.26;22.375;22.234;22.093;21.765;21.436;20.174;19.098;18.456;17.528;16.358;15.687;15.155;14.704;14.268;13.831;13.405;12.979;12.517;12.056;11.545;11.033;10.664;10.295;9.926;9.557;9.187;8.818;8.449;8.08;7.711;7.342;7.005;6.668;6.331;5.994;5.657;5.32;4.983;4.646;4.309;3.972
126;0;0.861;1.721;3.056;4.391;5.948;7.26;7.9;9.025;9.974;11.033;12.103;13.279;14.411;15.56;16.123;16.702;17.99;19.277;19.996;20.714;20.636;20.558;21.215;21.872;21.791;22.953;22.482;22.077;22.214;22.352;22.2;22.047;21.721;21.394;20.132;19.058;18.456;17.528;16.358;15.687;15.171;14.704;14.268;13.831;13.412;12.993;12.524;12.056;11.545;11.033;10.665;10.296;9.928;9.56;9.191;8.823;8.455;8.087;7.718;7.35;7.012;6.674;6.337;5.999;5.661;5.323;4.985;4.648;4.31;3.972
127;0;0.839;1.677;3.023;4.369;5.858;7.238;7.855;9.003;9.908;11.033;12.07;13.212;14.368;15.54;16.077;16.652;17.907;19.162;19.927;20.691;20.613;20.535;21.182;21.828;21.791;22.999;22.428;22.008;22.168;22.329;22.165;22.001;21.677;21.353;20.09;19.019;18.456;17.528;16.358;15.687;15.187;14.704;14.268;13.831;13.419;13.007;12.531;12.056;11.545;11.033;10.666;10.298;9.931;9.563;9.196;8.828;8.461;8.093;7.726;7.358;7.019;6.681;6.342;6.004;5.665;5.326;4.988;4.649;4.31;3.972
128;0;0.816;1.633;2.99;4.347;5.767;7.216;7.811;8.981;9.841;11.033;12.037;13.145;14.324;15.519;16.032;16.602;17.825;19.047;19.858;20.668;20.59;20.512;21.148;21.785;21.791;23.045;22.401;21.939;22.122;22.306;22.131;21.956;21.633;21.311;20.049;18.98;18.456;17.528;16.358;15.687;15.203;14.704;14.268;13.831;13.426;13.021;12.539;12.056;11.545;11.033;10.666;10.3;9.933;9.566;9.2;8.833;8.466;8.099;7.733;7.366;7.027;6.687;6.348;6.008;5.669;5.33;4.99;4.651;4.311;3.972
129;0;0.794;1.589;2.957;4.325;5.677;7.194;7.767;8.959;9.775;11.033;12.004;13.079;14.28;15.499;16.011;16.552;17.742;18.933;19.789;20.645;20.567;20.489;21.115;21.741;21.791;23.091;22.391;21.87;22.077;22.283;22.096;21.91;21.589;21.269;20.007;18.94;18.456;17.528;16.358;15.687;15.22;14.704;14.268;13.831;13.433;13.035;12.546;12.056;11.545;11.033;10.667;10.301;9.935;9.569;9.204;8.838;8.472;8.106;7.74;7.374;7.034;6.694;6.353;6.013;5.673;5.333;4.993;4.652;4.312;3.972
130;0;0.772;1.545;2.924;4.303;5.587;7.171;7.723;8.937;9.709;11.033;11.971;13.012;14.236;15.478;15.997;16.523;17.67;18.818;19.72;20.622;20.544;20.466;21.081;21.697;21.791;23.136;22.38;21.801;22.031;22.26;22.062;21.864;21.546;21.227;19.965;18.901;18.456;17.528;16.358;15.687;15.236;14.704;14.268;13.831;13.44;13.049;12.553;12.056;11.545;11.033;10.668;10.303;9.938;9.573;9.208;8.842;8.477;8.112;7.747;7.382;7.041;6.7;6.359;6.018;5.677;5.336;4.995;4.654;4.313;3.972
131;0;0.75;1.5;2.858;4.215;5.488;7.039;7.635;8.826;9.621;11.011;11.872;12.834;14.09;15.365;15.906;16.454;17.596;18.739;19.597;20.483;20.441;20.399;21.014;21.628;21.791;23.091;22.323;21.732;21.962;22.191;22.006;21.82;21.503;21.186;19.924;18.859;18.456;17.528;16.358;15.687;15.22;14.704;14.268;13.831;13.433;13.035;12.546;12.056;11.545;11.033;10.667;10.301;9.935;9.569;9.204;8.838;8.472;8.106;7.74;7.374;7.034;6.694;6.353;6.013;5.673;5.333;4.993;4.652;4.312;3.972
132;0;0.728;1.456;2.791;4.126;5.39;6.907;7.547;8.716;9.533;10.989;11.772;12.656;13.945;15.252;15.815;16.385;17.522;18.659;19.496;20.343;20.338;20.332;20.946;21.559;21.791;23.045;22.265;21.664;21.893;22.122;21.949;21.776;21.46;21.144;19.882;18.818;18.456;17.528;16.358;15.687;15.203;14.704;14.268;13.831;13.426;13.021;12.539;12.056;11.545;11.033;10.666;10.3;9.933;9.566;9.2;8.833;8.466;8.099;7.733;7.366;7.027;6.687;6.348;6.008;5.669;5.33;4.99;4.651;4.311;3.972
133;0;0.706;1.412;2.725;4.038;5.292;6.774;7.458;8.606;9.444;10.967;11.673;12.478;13.799;15.139;15.724;16.316;17.448;18.58;19.397;20.214;20.234;20.266;20.878;21.49;21.791;22.999;22.208;21.595;21.824;22.054;21.893;21.732;21.417;21.102;19.84;18.777;18.456;17.528;16.358;15.687;15.187;14.704;14.268;13.831;13.419;13.007;12.531;12.056;11.545;11.033;10.666;10.298;9.931;9.563;9.196;8.828;8.461;8.093;7.726;7.358;7.019;6.681;6.342;6.004;5.665;5.326;4.988;4.649;4.31;3.972
134;0;0.684;1.368;2.659;3.95;5.194;6.642;7.37;8.495;9.356;10.945;11.574;12.3;13.653;15.026;15.633;16.248;17.374;18.501;19.298;20.095;20.145;20.199;20.81;21.422;21.791;22.953;22.151;21.526;21.755;21.985;21.837;21.689;21.375;21.061;19.798;18.735;18.456;17.528;16.358;15.687;15.171;14.704;14.268;13.831;13.412;12.993;12.524;12.056;11.545;11.033;10.665;10.296;9.928;9.56;9.191;8.823;8.455;8.087;7.718;7.35;7.012;6.674;6.337;5.999;5.661;5.323;4.985;4.648;4.31;3.972
135;0;0.662;1.324;2.593;3.862;5.095;6.509;7.282;8.385;9.268;10.923;11.474;12.122;13.507;14.913;15.542;16.179;17.3;18.421;19.199;19.976;20.085;20.195;20.826;21.457;21.895;22.97;22.093;21.457;21.686;21.916;21.78;21.645;21.332;21.019;19.757;18.694;18.456;17.528;16.358;15.687;15.155;14.704;14.268;13.831;13.405;12.979;12.517;12.056;11.545;11.033;10.664;10.295;9.926;9.557;9.187;8.818;8.449;8.08;7.711;7.342;7.005;6.668;6.331;5.994;5.657;5.32;4.983;4.646;4.309;3.972
136;0;0.629;1.258;2.471;3.685;5.017;6.377;7.061;8.164;9.135;10.79;11.331;11.966;13.373;14.8;15.439;16.087;17.185;18.284;19.02;19.757;19.909;20.061;20.667;21.273;21.853;22.759;22.036;21.545;21.742;21.939;21.77;21.601;21.288;20.975;19.715;18.655;18.456;17.528;16.358;15.687;15.155;14.704;14.268;13.831;13.405;12.979;12.517;12.056;11.545;11.033;10.664;10.295;9.926;9.557;9.187;8.818;8.449;8.08;7.711;7.342;7.005;6.668;6.331;5.994;5.657;5.32;4.983;4.646;4.309;3.972
137;0;0.596;1.192;2.35;3.508;4.939;6.245;6.84;7.944;9.003;10.658;11.187;11.811;13.238;14.687;15.337;15.995;17.071;18.146;18.842;19.538;19.733;19.928;20.509;21.09;21.812;22.548;22.008;21.632;21.797;21.962;21.759;21.557;21.244;20.931;19.673;18.615;18.456;17.528;16.358;15.687;15.155;14.704;14.268;13.831;13.405;12.979;12.517;12.056;11.545;11.033;10.664;10.295;9.926;9.557;9.187;8.818;8.449;8.08;7.711;7.342;7.005;6.668;6.331;5.994;5.657;5.32;4.983;4.646;4.309;3.972
138;0;0.563;1.125;2.229;3.332;4.861;6.112;6.62;7.723;8.871;10.525;11.044;11.655;13.104;14.574;15.235;15.903;16.956;18.008;18.664;19.319;19.556;19.794;20.35;20.906;21.77;22.337;21.996;21.72;21.852;21.985;21.749;21.513;21.2;20.887;19.632;18.576;18.456;17.528;16.358;15.687;15.155;14.704;14.268;13.831;13.405;12.979;12.517;12.056;11.545;11.033;10.664;10.295;9.926;9.557;9.187;8.818;8.449;8.08;7.711;7.342;7.005;6.668;6.331;5.994;5.657;5.32;4.983;4.646;4.309;3.972
139;0;0.53;1.059;2.107;3.155;4.782;5.98;6.399;7.502;8.738;10.393;10.901;11.499;12.969;14.461;15.132;15.812;16.841;17.871;18.485;19.1;19.38;19.661;20.192;20.723;21.728;22.127;21.985;21.843;21.908;22.008;21.739;21.469;21.157;20.844;19.59;18.536;18.456;17.528;16.358;15.687;15.155;14.704;14.268;13.831;13.405;12.979;12.517;12.056;11.545;11.033;10.664;10.295;9.926;9.557;9.187;8.818;8.449;8.08;7.711;7.342;7.005;6.668;6.331;5.994;5.657;5.32;4.983;4.646;4.309;3.972
140;0;0.496;0.993;1.986;2.979;4.704;5.847;6.178;7.282;8.606;10.261;10.757;11.344;12.835;14.348;15.03;15.72;16.726;17.733;18.307;18.88;19.204;19.527;20.033;20.539;21.686;21.916;21.973;22.031;22.031;22.031;21.728;21.426;21.113;20.8;19.548;18.497;18.456;17.528;16.358;15.687;15.155;14.704;14.268;13.831;13.405;12.979;12.517;12.056;11.545;11.033;10.664;10.295;9.926;9.557;9.187;8.818;8.449;8.08;7.711;7.342;7.005;6.668;6.331;5.994;5.657;5.32;4.983;4.646;4.309;3.972
141;0;0.474;0.949;1.898;2.847;4.624;5.737;6.046;7.194;8.473;10.106;10.57;11.121;12.633;14.167;14.87;15.582;16.563;17.543;18.101;18.659;18.988;19.316;19.836;20.355;21.503;21.82;21.868;21.916;21.927;21.939;21.638;21.338;21.027;20.716;19.465;18.414;18.337;17.413;16.249;15.597;15.067;14.602;14.176;13.751;13.326;12.901;12.442;11.984;11.474;10.965;10.599;10.232;9.866;9.5;9.133;8.767;8.401;8.034;7.668;7.302;6.966;6.63;6.294;5.959;5.623;5.287;4.951;4.615;4.28;3.944
142;0;0.452;0.905;1.809;2.714;4.544;5.627;5.914;7.105;8.341;9.952;10.382;10.899;12.431;13.987;14.711;15.444;16.399;17.353;17.896;18.438;18.772;19.106;19.639;20.172;21.319;21.724;21.763;21.801;21.824;21.847;21.549;21.25;20.942;20.633;19.381;18.332;18.218;17.299;16.14;15.506;14.979;14.499;14.085;13.671;13.247;12.822;12.367;11.912;11.404;10.897;10.533;10.17;9.806;9.443;9.079;8.716;8.352;7.989;7.625;7.262;6.927;6.593;6.258;5.923;5.589;5.254;4.92;4.585;4.25;3.916
143;0;0.43;0.861;1.721;2.582;4.463;5.517;5.781;7.017;8.209;9.797;10.194;10.676;12.23;13.806;14.551;15.307;16.235;17.163;17.69;18.217;18.556;18.895;19.442;19.988;21.136;21.628;21.657;21.686;21.721;21.755;21.459;21.163;20.856;20.549;19.298;18.249;18.099;17.185;16.031;15.416;14.891;14.397;13.994;13.591;13.167;12.744;12.292;11.839;11.334;10.828;10.468;10.107;9.746;9.386;9.025;8.664;8.304;7.943;7.582;7.222;6.888;6.555;6.221;5.888;5.555;5.221;4.888;4.554;4.221;3.888
144;0;0.408;0.816;1.633;2.449;4.383;5.406;5.649;6.929;8.076;9.643;10.007;10.454;12.028;13.625;14.392;15.169;16.071;16.974;17.485;17.996;18.34;18.684;19.245;19.805;20.952;21.532;21.552;21.572;21.618;21.664;21.369;21.075;20.771;20.466;19.214;18.166;17.98;17.071;15.922;15.326;14.802;14.295;13.903;13.51;13.088;12.666;12.217;11.767;11.264;10.76;10.402;10.044;9.687;9.329;8.971;8.613;8.255;7.897;7.539;7.181;6.849;6.517;6.185;5.853;5.521;5.188;4.856;4.524;4.192;3.86
145;0;0.386;0.772;1.545;2.317;4.303;5.296;5.517;6.84;7.944;9.488;9.819;10.232;11.826;13.444;14.233;15.031;15.908;16.784;17.279;17.775;18.124;18.474;19.047;19.621;20.769;21.436;21.447;21.457;21.514;21.572;21.28;20.988;20.685;20.383;19.131;18.083;17.861;16.957;15.812;15.236;14.714;14.192;13.811;13.43;13.009;12.588;12.141;11.695;11.193;10.692;10.337;9.982;9.627;9.272;8.917;8.562;8.207;7.851;7.496;7.141;6.81;6.479;6.148;5.817;5.486;5.155;4.824;4.493;4.162;3.831
146;0;0.375;0.75;1.456;2.162;4.215;5.186;5.406;6.708;7.745;9.334;9.621;9.987;11.624;13.286;14.039;14.802;15.682;16.563;17.035;17.508;17.859;18.211;18.79;19.369;20.562;21.269;21.317;21.365;21.423;21.48;21.189;20.898;20.597;20.297;19.047;18.044;17.762;16.863;15.719;15.147;14.626;14.124;13.736;13.348;12.93;12.511;12.067;11.623;11.129;10.636;10.282;9.927;9.573;9.219;8.865;8.51;8.156;7.802;7.447;7.093;6.765;6.436;6.108;5.78;5.451;5.123;4.795;4.466;4.138;3.809
147;0;0.364;0.728;1.368;2.008;4.126;5.075;5.296;6.576;7.547;9.179;9.422;9.742;11.423;13.128;13.845;14.572;15.457;16.342;16.791;17.241;17.594;17.948;18.532;19.116;20.355;21.102;21.188;21.273;21.331;21.388;21.098;20.808;20.51;20.211;18.964;18.004;17.664;16.769;15.626;15.059;14.537;14.056;13.661;13.266;12.85;12.435;11.993;11.551;11.065;10.58;10.226;9.873;9.519;9.166;8.812;8.459;8.105;7.752;7.399;7.045;6.719;6.394;6.068;5.742;5.416;5.09;4.765;4.439;4.113;3.787
148;0;0.353;0.706;1.28;1.854;4.038;4.965;5.186;6.443;7.348;9.025;9.224;9.498;11.221;12.97;13.652;14.343;15.232;16.12;16.547;16.974;17.329;17.685;18.274;18.864;20.149;20.935;21.059;21.182;21.239;21.296;21.007;20.718;20.422;20.126;18.88;17.965;17.565;16.676;15.533;14.971;14.449;13.988;13.586;13.183;12.771;12.359;11.919;11.478;11.001;10.523;10.171;9.818;9.466;9.113;8.76;8.408;8.055;7.702;7.35;6.997;6.674;6.351;6.027;5.704;5.381;5.058;4.735;4.412;4.088;3.765
149;0;0.342;0.684;1.192;1.699;3.95;4.855;5.075;6.311;7.149;8.871;9.025;9.253;11.019;12.812;13.458;14.113;15.006;15.899;16.303;16.707;17.064;17.422;18.017;18.611;19.942;20.769;20.929;21.09;21.147;21.205;20.917;20.629;20.335;20.04;18.797;17.926;17.466;16.582;15.44;14.883;14.361;13.92;13.51;13.101;12.692;12.283;11.844;11.406;10.937;10.467;10.115;9.764;9.412;9.06;8.708;8.356;8.004;7.652;7.301;6.949;6.628;6.308;5.987;5.667;5.346;5.025;4.705;4.384;4.064;3.743
150;0;0.331;0.662;1.103;1.545;3.862;4.744;4.965;6.178;6.951;8.716;8.826;9.008;10.817;12.654;13.265;13.884;14.781;15.678;16.059;16.44;16.799;17.159;17.759;18.359;19.736;20.602;20.8;20.998;21.055;21.113;20.826;20.539;20.247;19.955;18.714;17.886;17.368;16.488;15.347;14.794;14.273;13.851;13.435;13.019;12.613;12.207;11.77;11.334;10.873;10.411;10.06;9.709;9.358;9.007;8.656;8.305;7.954;7.603;7.252;6.901;6.583;6.265;5.947;5.629;5.311;4.993;4.675;4.357;4.039;3.721
151;0;0.32;0.64;1.037;1.434;3.795;4.612;4.899;6.046;6.752;8.584;8.683;8.853;10.671;12.518;13.094;13.677;14.557;15.436;15.808;16.181;16.553;16.926;17.539;18.152;19.483;20.291;20.525;20.76;20.845;20.929;20.657;20.385;20.096;19.807;18.59;17.704;17.152;16.278;15.161;14.596;14.098;13.681;13.269;12.856;12.461;12.066;11.634;11.202;10.737;10.273;9.927;9.581;9.235;8.889;8.544;8.198;7.852;7.506;7.16;6.814;6.501;6.187;5.873;5.559;5.246;4.932;4.618;4.304;3.991;3.677
152;0;0.309;0.618;0.971;1.324;3.729;4.479;4.832;5.914;6.554;8.451;8.54;8.697;10.526;12.382;12.923;13.471;14.332;15.194;15.558;15.922;16.307;16.692;17.319;17.946;19.231;19.98;20.251;20.522;20.634;20.746;20.488;20.23;19.944;19.659;18.467;17.522;16.936;16.068;14.975;14.397;13.924;13.51;13.102;12.694;12.31;11.926;11.497;11.069;10.602;10.134;9.794;9.453;9.112;8.772;8.431;8.091;7.75;7.409;7.069;6.728;6.419;6.109;5.8;5.49;5.18;4.871;4.561;4.252;3.942;3.633
153;0;0.298;0.596;0.905;1.214;3.663;4.347;4.766;5.781;6.355;8.319;8.396;8.541;10.38;12.247;12.752;13.264;14.108;14.952;15.308;15.663;16.061;16.458;17.099;17.739;18.979;19.669;19.977;20.285;20.423;20.562;20.319;20.076;19.793;19.511;18.344;17.34;16.721;15.858;14.789;14.198;13.749;13.34;12.936;12.531;12.158;11.785;11.361;10.937;10.466;9.996;9.66;9.325;8.99;8.654;8.319;7.983;7.648;7.313;6.977;6.642;6.337;6.031;5.726;5.421;5.115;4.81;4.505;4.199;3.894;3.589
154;0;0.287;0.574;0.839;1.103;3.597;4.215;4.7;5.649;6.156;8.186;8.253;8.385;10.234;12.111;12.582;13.058;13.884;14.71;15.057;15.405;15.815;16.225;16.879;17.533;18.726;19.358;19.702;20.047;20.213;20.378;20.15;19.922;19.642;19.362;18.221;17.158;16.505;15.649;14.603;14;13.575;13.169;12.769;12.369;12.007;11.645;11.225;10.804;10.331;9.857;9.527;9.197;8.867;8.537;8.207;7.876;7.546;7.216;6.886;6.556;6.255;5.953;5.652;5.351;5.05;4.749;4.448;4.147;3.846;3.545
155;0;0.276;0.552;0.772;0.993;3.531;4.082;4.634;5.517;5.958;8.054;8.109;8.23;10.089;11.976;12.411;12.851;13.66;14.468;14.807;15.146;15.569;15.991;16.659;17.326;18.474;19.047;19.428;19.809;20.002;20.195;19.981;19.767;19.491;19.214;18.098;16.976;16.289;15.439;14.417;13.801;13.4;12.999;12.603;12.207;11.855;11.504;11.088;10.672;10.195;9.719;9.394;9.069;8.744;8.419;8.094;7.769;7.444;7.119;6.794;6.469;6.172;5.876;5.579;5.282;4.985;4.688;4.391;4.094;3.797;3.5
156;0;0.265;0.53;0.739;0.949;3.442;3.994;4.568;5.428;5.759;7.9;7.966;8.096;9.954;11.84;12.251;12.668;13.257;13.846;14.397;14.948;15.365;15.782;16.451;17.12;18.075;18.474;18.977;19.481;19.609;19.736;19.597;19.458;19.177;18.895;17.806;16.773;16.094;15.267;14.251;13.641;13.242;12.844;12.452;12.06;11.713;11.366;10.953;10.54;10.074;9.609;9.287;8.965;8.643;8.322;8;7.678;7.356;7.035;6.713;6.391;6.098;5.804;5.511;5.217;4.924;4.63;4.337;4.043;3.75;3.456
157;0;0.254;0.508;0.706;0.905;3.354;3.906;4.501;5.34;5.561;7.745;7.822;7.963;9.82;11.705;12.092;12.484;12.854;13.225;13.987;14.75;15.162;15.574;16.243;16.913;17.677;17.9;18.527;19.154;19.215;19.277;19.213;19.15;18.863;18.576;17.514;16.57;15.899;15.096;14.086;13.48;13.083;12.69;12.302;11.914;11.571;11.228;10.817;10.407;9.953;9.498;9.18;8.861;8.543;8.224;7.906;7.587;7.269;6.95;6.631;6.313;6.023;5.733;5.443;5.153;4.863;4.572;4.282;3.992;3.702;3.412
158;0;0.243;0.485;0.673;0.861;3.266;3.817;4.435;5.252;5.362;7.591;7.679;7.829;9.685;11.569;11.933;12.3;12.452;12.603;13.577;14.552;14.958;15.365;16.036;16.707;17.278;17.326;18.076;18.826;18.822;18.818;18.829;18.841;18.549;18.257;17.222;16.367;15.704;14.925;13.92;13.32;12.925;12.535;12.151;11.767;11.428;11.089;10.682;10.275;9.831;9.388;9.073;8.757;8.442;8.127;7.811;7.496;7.181;6.865;6.55;6.235;5.948;5.661;5.375;5.088;4.801;4.515;4.228;3.941;3.655;3.368
159;0;0.232;0.463;0.64;0.816;3.178;3.729;4.369;5.163;5.163;7.436;7.536;7.696;9.551;11.433;11.773;12.117;12.049;11.981;13.167;14.353;14.755;15.157;15.828;16.5;16.88;16.753;17.626;18.499;18.429;18.359;18.445;18.532;18.235;17.937;16.93;16.164;15.509;14.754;13.754;13.159;12.766;12.381;12.001;11.621;11.286;10.951;10.547;10.142;9.71;9.278;8.966;8.653;8.341;8.029;7.717;7.405;7.093;6.781;6.469;6.156;5.873;5.59;5.307;5.023;4.74;4.457;4.174;3.89;3.607;3.324
160;0;0.221;0.441;0.607;0.772;3.089;3.641;4.303;5.075;4.965;7.282;7.392;7.562;9.416;11.298;11.614;11.933;11.646;11.36;12.757;14.155;14.552;14.948;15.621;16.294;16.481;16.179;17.175;18.171;18.036;17.9;18.062;18.223;17.921;17.618;16.638;15.961;15.314;14.583;13.588;12.999;12.608;12.227;11.85;11.474;11.143;10.812;10.411;10.01;9.589;9.167;8.858;8.55;8.241;7.932;7.623;7.314;7.005;6.696;6.387;6.078;5.798;5.519;5.239;4.959;4.679;4.399;4.119;3.839;3.56;3.28
161;0;0.221;0.441;0.596;0.75;3.023;3.553;4.148;4.987;4.832;7.127;7.238;7.401;9.222;11.068;11.351;11.636;11.339;11.042;12.507;13.972;14.294;14.616;15.321;16.025;16.06;15.751;16.705;17.659;17.562;17.465;17.711;17.956;17.658;17.359;16.387;15.652;15.003;14.293;13.319;12.766;12.381;11.988;11.625;11.262;10.937;10.612;10.217;9.821;9.412;9.003;8.7;8.397;8.094;7.791;7.487;7.184;6.881;6.578;6.275;5.972;5.697;5.421;5.146;4.871;4.596;4.321;4.045;3.77;3.495;3.22
162;0;0.221;0.441;0.585;0.728;2.957;3.464;3.994;4.899;4.7;6.973;7.083;7.24;9.029;10.84;11.089;11.341;11.033;10.726;12.258;13.79;14.038;14.286;15.022;15.758;15.642;15.326;16.238;17.149;17.092;17.034;17.362;17.69;17.396;17.102;16.137;15.344;14.694;14.004;13.05;12.533;12.154;11.749;11.399;11.049;10.73;10.411;10.022;9.633;9.236;8.838;8.541;8.244;7.947;7.649;7.352;7.055;6.757;6.46;6.163;5.866;5.595;5.324;5.054;4.783;4.512;4.242;3.971;3.701;3.43;3.159
163;0;0.221;0.441;0.574;0.706;2.891;3.376;3.839;4.81;4.568;6.818;6.929;7.078;8.836;10.613;10.829;11.047;10.729;10.412;12.01;13.608;13.784;13.959;14.726;15.493;15.227;14.903;15.774;16.644;16.624;16.605;17.015;17.425;17.136;16.846;15.889;15.037;14.386;13.716;12.781;12.301;11.928;11.51;11.173;10.836;10.523;10.211;9.827;9.444;9.059;8.674;8.382;8.091;7.8;7.508;7.217;6.925;6.634;6.342;6.051;5.759;5.493;5.227;4.961;4.695;4.429;4.163;3.897;3.631;3.365;3.099
164;0;0.221;0.441;0.563;0.684;2.824;3.288;3.685;4.722;4.435;6.664;6.774;6.918;8.644;10.386;10.57;10.755;10.428;10.1;11.764;13.428;13.531;13.633;14.431;15.229;14.814;14.484;15.313;16.141;16.16;16.178;16.67;17.162;16.877;16.591;15.642;14.733;14.079;13.429;12.513;12.068;11.701;11.272;10.948;10.624;10.317;10.01;9.633;9.256;8.883;8.509;8.224;7.938;7.652;7.367;7.081;6.796;6.51;6.224;5.939;5.653;5.392;5.13;4.869;4.607;4.346;4.085;3.823;3.562;3.3;3.039
165;0;0.221;0.441;0.552;0.662;2.758;3.2;3.531;4.634;4.303;6.509;6.62;6.757;8.452;10.161;10.313;10.466;10.128;9.791;11.52;13.249;13.279;13.31;14.139;14.967;14.405;14.067;14.855;15.643;15.699;15.755;16.328;16.901;16.62;16.338;15.397;14.43;13.774;13.143;12.245;11.835;11.474;11.033;10.722;10.411;10.11;9.809;9.438;9.067;8.706;8.345;8.065;7.785;7.505;7.226;6.946;6.666;6.386;6.106;5.826;5.547;5.29;5.033;4.776;4.52;4.263;4.006;3.749;3.492;3.236;2.979
166;0;0.21;0.419;0.53;0.64;2.692;3.111;3.486;4.501;4.148;6.377;6.509;6.663;8.283;9.914;10.034;10.156;9.842;9.528;11.259;12.991;13.039;13.087;13.841;14.595;13.989;13.698;14.449;15.2;15.256;15.312;15.857;16.403;16.132;15.86;14.951;14.106;13.452;12.858;11.996;11.603;11.246;10.81;10.505;10.201;9.905;9.609;9.25;8.891;8.535;8.178;7.904;7.629;7.355;7.08;6.805;6.531;6.256;5.981;5.707;5.432;5.181;4.93;4.678;4.427;4.175;3.924;3.673;3.421;3.17;2.919
167;0;0.199;0.397;0.508;0.618;2.626;3.023;3.442;4.369;3.994;6.245;6.399;6.569;8.115;9.668;9.758;9.848;9.558;9.267;11.001;12.735;12.8;12.865;13.545;14.225;13.577;13.331;14.046;14.761;14.816;14.872;15.39;15.908;15.647;15.386;14.509;13.784;13.131;12.573;11.747;11.37;11.017;10.588;10.289;9.99;9.699;9.408;9.061;8.714;8.363;8.012;7.743;7.473;7.204;6.934;6.665;6.396;6.126;5.857;5.587;5.318;5.072;4.826;4.58;4.334;4.088;3.842;3.596;3.35;3.104;2.859
168;0;0.188;0.375;0.485;0.596;2.56;2.935;3.398;4.237;3.839;6.112;6.289;6.476;7.947;9.423;9.482;9.542;9.275;9.008;10.744;12.48;12.562;12.644;13.25;13.857;13.168;12.967;13.646;14.324;14.38;14.435;14.926;15.416;15.165;14.915;14.069;13.464;12.811;12.29;11.499;11.137;10.788;10.365;10.072;9.779;9.493;9.208;8.873;8.538;8.192;7.845;7.581;7.317;7.053;6.789;6.525;6.26;5.996;5.732;5.468;5.204;4.963;4.723;4.482;4.241;4.001;3.76;3.52;3.279;3.039;2.798
169;0;0.177;0.353;0.463;0.574;2.493;2.847;3.354;4.104;3.685;5.98;6.178;6.382;7.78;9.179;9.209;9.238;8.995;8.751;10.489;12.227;12.326;12.425;12.958;13.492;12.761;12.606;13.248;13.891;13.946;14.001;14.465;14.928;14.687;14.447;13.633;13.145;12.493;12.007;11.251;10.905;10.56;10.142;9.855;9.569;9.288;9.007;8.684;8.361;8.02;7.679;7.42;7.161;6.902;6.643;6.384;6.125;5.866;5.607;5.348;5.089;4.854;4.619;4.384;4.149;3.914;3.679;3.443;3.208;2.973;2.738
170;0;0.165;0.331;0.441;0.552;2.427;2.758;3.31;3.972;3.531;5.847;6.068;6.289;7.613;8.937;8.937;8.937;8.716;8.495;10.236;11.976;12.091;12.207;12.668;13.129;12.357;12.247;12.853;13.46;13.515;13.571;14.007;14.443;14.213;13.982;13.199;12.828;12.176;11.725;11.003;10.672;10.331;9.92;9.639;9.358;9.082;8.806;8.495;8.184;7.848;7.512;7.259;7.005;6.751;6.497;6.244;5.99;5.736;5.482;5.229;4.975;4.745;4.516;4.286;4.056;3.826;3.597;3.367;3.137;2.908;2.678
171;0;0.154;0.309;0.419;0.53;2.317;2.648;3.222;3.862;3.354;5.693;5.914;6.134;7.359;8.584;8.639;8.694;8.473;8.253;9.976;11.699;11.857;12.016;12.418;12.82;12.004;11.872;12.434;12.997;13.052;13.107;13.509;13.912;13.692;13.472;12.72;12.397;11.773;11.33;10.636;10.313;9.982;9.595;9.322;9.049;8.781;8.513;8.211;7.908;7.58;7.252;7.008;6.763;6.519;6.275;6.031;5.787;5.543;5.299;5.055;4.81;4.588;4.366;4.144;3.922;3.7;3.478;3.256;3.034;2.812;2.59
172;0;0.143;0.287;0.397;0.508;2.207;2.538;3.133;3.751;3.178;5.539;5.759;5.98;7.105;8.231;8.341;8.451;8.231;8.01;9.716;11.422;11.624;11.825;12.168;12.511;11.651;11.496;12.015;12.533;12.589;12.644;13.012;13.38;13.171;12.963;12.241;11.966;11.37;10.935;10.269;9.954;9.633;9.27;9.005;8.74;8.48;8.221;7.926;7.631;7.311;6.991;6.756;6.522;6.287;6.053;5.818;5.584;5.349;5.115;4.88;4.646;4.431;4.217;4.003;3.788;3.574;3.359;3.145;2.93;2.716;2.501
173;0;0.132;0.265;0.375;0.485;2.096;2.427;3.045;3.641;3.001;5.384;5.605;5.825;6.851;7.878;8.043;8.209;7.988;7.767;9.456;11.145;11.39;11.635;11.919;12.202;11.298;11.121;11.596;12.07;12.125;12.18;12.514;12.848;12.651;12.453;11.761;11.535;10.967;10.54;9.902;9.595;9.284;8.945;8.688;8.431;8.179;7.928;7.641;7.354;7.042;6.73;6.505;6.28;6.056;5.831;5.606;5.381;5.156;4.931;4.706;4.481;4.275;4.068;3.861;3.654;3.447;3.24;3.034;2.827;2.62;2.413
174;0;0.121;0.243;0.353;0.463;1.986;2.317;2.957;3.531;2.824;5.23;5.45;5.671;6.598;7.525;7.745;7.966;7.745;7.525;9.197;10.869;11.156;11.444;11.669;11.894;10.945;10.746;11.176;11.607;11.662;11.717;12.017;12.317;12.13;11.944;11.282;11.103;10.564;10.144;9.535;9.236;8.935;8.62;8.371;8.122;7.879;7.635;7.356;7.077;6.773;6.469;6.254;6.039;5.824;5.608;5.393;5.178;4.963;4.747;4.532;4.317;4.118;3.919;3.719;3.52;3.321;3.122;2.923;2.723;2.524;2.325
175;0;0.11;0.221;0.331;0.441;1.876;2.207;2.869;3.42;2.648;5.075;5.296;5.517;6.344;7.171;7.447;7.723;7.502;7.282;8.937;10.592;10.923;11.254;11.419;11.585;10.592;10.371;10.757;11.143;11.198;11.254;11.519;11.785;11.61;11.434;10.802;10.672;10.16;9.749;9.167;8.877;8.586;8.295;8.054;7.813;7.578;7.342;7.071;6.8;6.504;6.209;6.003;5.797;5.592;5.386;5.18;4.975;4.769;4.564;4.358;4.152;3.961;3.769;3.578;3.386;3.195;3.003;2.811;2.62;2.428;2.237
176;0;0.11;0.221;0.32;0.419;1.743;2.096;2.648;3.133;2.493;4.634;4.921;5.208;5.925;6.642;6.973;7.304;7.039;6.774;8.175;9.577;9.83;10.084;10.382;10.68;9.908;9.577;10.029;10.481;10.537;10.592;10.637;10.682;10.527;10.373;9.801;9.615;9.278;8.887;8.361;8.106;7.831;7.577;7.353;7.129;6.911;6.692;6.446;6.201;5.936;5.671;5.482;5.294;5.105;4.917;4.728;4.54;4.351;4.162;3.974;3.785;3.611;3.437;3.262;3.088;2.914;2.739;2.565;2.391;2.216;2.042
177;0;0.11;0.221;0.309;0.397;1.611;1.986;2.427;2.847;2.339;4.193;4.546;4.899;5.505;6.112;6.498;6.885;6.576;6.267;7.414;8.562;8.738;8.915;9.345;9.775;9.224;8.782;9.301;9.819;9.875;9.93;9.754;9.579;9.445;9.312;8.8;8.558;8.395;8.024;7.555;7.336;7.077;6.859;6.652;6.445;6.244;6.042;5.821;5.601;5.367;5.133;4.962;4.79;4.619;4.447;4.276;4.104;3.933;3.761;3.59;3.418;3.261;3.104;2.947;2.79;2.633;2.476;2.319;2.162;2.005;1.848
178;0;0.11;0.221;0.298;0.375;1.478;1.876;2.207;2.56;2.185;3.751;4.17;4.59;5.086;5.583;6.024;6.465;6.112;5.759;6.653;7.547;7.646;7.745;8.308;8.871;8.54;7.988;8.573;9.157;9.213;9.268;8.872;8.475;8.363;8.251;7.799;7.5;7.512;7.161;6.748;6.566;6.323;6.14;5.951;5.761;5.577;5.392;5.197;5.001;4.798;4.596;4.441;4.287;4.132;3.978;3.823;3.669;3.515;3.36;3.206;3.051;2.911;2.771;2.632;2.492;2.352;2.212;2.072;1.933;1.793;1.653
179;0;0.11;0.221;0.287;0.353;1.346;1.765;1.986;2.273;2.03;3.31;3.795;4.281;4.667;5.053;5.55;6.046;5.649;5.252;5.892;6.532;6.554;6.576;7.271;7.966;7.855;7.194;7.844;8.495;8.551;8.606;7.989;7.372;7.281;7.19;6.798;6.443;6.63;6.299;5.942;5.795;5.569;5.422;5.25;5.077;4.91;4.742;4.572;4.401;4.23;4.058;3.921;3.783;3.646;3.508;3.371;3.234;3.096;2.959;2.821;2.684;2.561;2.439;2.316;2.194;2.071;1.949;1.826;1.703;1.581;1.458
180;0;0.11;0.221;0.276;0.331;1.214;1.655;1.765;1.986;1.876;2.869;3.42;3.972;4.248;4.524;5.075;5.627;5.186;4.744;5.13;5.517;5.461;5.406;6.234;7.061;7.171;6.399;7.116;7.833;7.889;7.944;7.106;6.269;6.199;6.128;5.797;5.386;5.747;5.436;5.135;5.025;4.814;4.704;4.549;4.393;4.243;4.092;3.947;3.801;3.661;3.521;3.4;3.28;3.159;3.039;2.919;2.798;2.678;2.558;2.437;2.317;2.212;2.106;2.001;1.896;1.79;1.685;1.58;1.474;1.369;1.264
